isoc;Year;Member.State;VariableCode;AggValue;CW.state;Top5.Chem.Ind
ALB;1997;Albania;rgdpna;9911,1165903086;1;0
ALB;1998;Albania;rgdpna;10803,9877694633;1;0
ALB;1999;Albania;rgdpna;12262,6524525123;1;0
ALB;2000;Albania;rgdpna;13075,0182678584;1;0
ALB;2001;Albania;rgdpna;14113,193567806;1;0
ALB;2002;Albania;rgdpna;14710,3729759797;1;0
ALB;2003;Albania;rgdpna;15554,7294881977;1;0
ALB;2004;Albania;rgdpna;16437,1843826625;1;0
ALB;2005;Albania;rgdpna;17383,8733135653;1;0
ALB;2006;Albania;rgdpna;18327,9934194896;1;0
ALB;2007;Albania;rgdpna;19410,3193938469;1;0
ALB;2008;Albania;rgdpna;20873,1329341974;0;0
ALB;2009;Albania;rgdpna;21562,4564406971;0;0
ALB;2010;Albania;rgdpna;22412,8562898798;0;0
ALB;2011;Albania;rgdpna;22861,1134156793;0;0
ARG;1997;Argentina;rgdpna;341635,398684516;0;0
ARG;1998;Argentina;rgdpna;354788,989475606;0;0
ARG;1999;Argentina;rgdpna;342777,749010007;0;0
ARG;2000;Argentina;rgdpna;340073,271247934;0;0
ARG;2001;Argentina;rgdpna;325080,000187055;0;0
ARG;2002;Argentina;rgdpna;289664,184787165;0;0
ARG;2003;Argentina;rgdpna;315261,96891056;0;0
ARG;2004;Argentina;rgdpna;343728,743034343;0;0
ARG;2005;Argentina;rgdpna;375279,417955003;0;0
ARG;2006;Argentina;rgdpna;407050,772463714;0;0
ARG;2007;Argentina;rgdpna;442274,286447028;0;0
ARG;2008;Argentina;rgdpna;472165,126164967;0;0
ARG;2009;Argentina;rgdpna;476179,669902459;0;0
ARG;2010;Argentina;rgdpna;519802,09387261;0;0
ARG;2011;Argentina;rgdpna;565906,220799505;0;0
ARM;1997;Armenia;rgdpna;6543,8067952089;0;0
ARM;1998;Armenia;rgdpna;7024,1363505079;0;0
ARM;1999;Armenia;rgdpna;7252,7882976303;0;0
ARM;2000;Armenia;rgdpna;7680,3855320385;0;0
ARM;2001;Armenia;rgdpna;8414,3778399042;0;0
ARM;2002;Armenia;rgdpna;9680,7739883426;0;0
ARM;2003;Armenia;rgdpna;11040,0323257755;0;0
ARM;2004;Armenia;rgdpna;12195,6850430058;0;0
ARM;2005;Armenia;rgdpna;13886,708984375;0;0
ARM;2006;Armenia;rgdpna;15719,4741466856;0;0
ARM;2007;Armenia;rgdpna;17880,7768229769;0;0
ARM;2008;Armenia;rgdpna;19123,0753812275;0;0
ARM;2009;Armenia;rgdpna;16417,1623874326;0;0
ARM;2010;Armenia;rgdpna;16780,8204601137;0;0
ARM;2011;Armenia;rgdpna;17567,8651558598;0;0
ATG;2005;Antigua and Barbuda;rgdpna;945,3816233252;0;0
ATG;2006;Antigua and Barbuda;rgdpna;1073,3756901391;0;0
ATG;2007;Antigua and Barbuda;rgdpna;1176,7213835954;0;0
ATG;2008;Antigua and Barbuda;rgdpna;1177,0942104596;0;0
ATG;2009;Antigua and Barbuda;rgdpna;1037,5207195891;0;0
ATG;2010;Antigua and Barbuda;rgdpna;955,461872695;0;0
ATG;2011;Antigua and Barbuda;rgdpna;907,2709395244;0;0
AUS;1997;Australia;rgdpna;554071,215706117;0;0
AUS;1998;Australia;rgdpna;581521,401323586;0;0
AUS;1999;Australia;rgdpna;603887,681855538;0;0
AUS;2000;Australia;rgdpna;615357,536957271;0;0
AUS;2001;Australia;rgdpna;639437,798146544;0;0
AUS;2002;Australia;rgdpna;659588,583621996;0;0
AUS;2003;Australia;rgdpna;686945,405552573;0;0
AUS;2004;Australia;rgdpna;708836,035949958;0;0
AUS;2005;Australia;rgdpna;730370,875;0;0
AUS;2006;Australia;rgdpna;757988,862919584;0;0
AUS;2007;Australia;rgdpna;786588,431222971;0;0
AUS;2008;Australia;rgdpna;797334,717751297;0;0
AUS;2009;Australia;rgdpna;815910,30642832;0;0
AUS;2010;Australia;rgdpna;831457,883638601;0;0
AUS;2011;Australia;rgdpna;859965,980762263;0;0
AUT;1997;Austria;rgdpna;226803,257060747;0;0
AUT;1998;Austria;rgdpna;235388,991310596;0;0
AUT;1999;Austria;rgdpna;243719,708550017;0;0
AUT;2000;Austria;rgdpna;252658,345370586;0;0
AUT;2001;Austria;rgdpna;254824,644595187;0;0
AUT;2002;Austria;rgdpna;259140,685698849;0;0
AUT;2003;Austria;rgdpna;261384,635287721;0;0
AUT;2004;Austria;rgdpna;268153,399142842;0;0
AUT;2005;Austria;rgdpna;274590,883677417;0;0
AUT;2006;Austria;rgdpna;284667,793270405;0;0
AUT;2007;Austria;rgdpna;295217,435837591;0;0
AUT;2008;Austria;rgdpna;299457,52311212;0;0
AUT;2009;Austria;rgdpna;288130,07384414;0;0
AUT;2010;Austria;rgdpna;294039,412994541;0;0
AUT;2011;Austria;rgdpna;301967,900868298;0;0
AZE;2000;Azerbaijan;rgdpna;20352,6679970495;0;0
AZE;2001;Azerbaijan;rgdpna;22368,0484425331;0;0
AZE;2002;Azerbaijan;rgdpna;24731,9349072813;0;0
AZE;2003;Azerbaijan;rgdpna;27491,4863177677;0;0
AZE;2004;Azerbaijan;rgdpna;30282,3732329706;0;0
AZE;2005;Azerbaijan;rgdpna;38291,265625;0;0
AZE;2006;Azerbaijan;rgdpna;51483,5201497305;0;0
AZE;2007;Azerbaijan;rgdpna;64380,9024091741;0;0
AZE;2008;Azerbaijan;rgdpna;71302,1814190434;0;0
AZE;2009;Azerbaijan;rgdpna;77898,7150657163;0;0
AZE;2010;Azerbaijan;rgdpna;81827,1830536469;0;0
AZE;2011;Azerbaijan;rgdpna;81902,1407234394;0;0
BDI;1998;Burundi;rgdpna;3174,158160944;0;0
BDI;1999;Burundi;rgdpna;3142,4306868331;0;0
BDI;2000;Burundi;rgdpna;3114,1293192719;0;0
BDI;2001;Burundi;rgdpna;3179,5420426682;0;0
BDI;2002;Burundi;rgdpna;3322,6035842842;0;0
BDI;2003;Burundi;rgdpna;3282,7283105596;0;0
BDI;2004;Burundi;rgdpna;3427,1718111218;0;0
BDI;2005;Burundi;rgdpna;3458,0163574219;0;0
BDI;2006;Burundi;rgdpna;3646,9477146982;0;0
BDI;2007;Burundi;rgdpna;3878,8180168101;0;0
BDI;2008;Burundi;rgdpna;4405,8935646663;0;0
BDI;2009;Burundi;rgdpna;4560,0998394297;0;0
BDI;2010;Burundi;rgdpna;4737,9437331674;0;0
BDI;2011;Burundi;rgdpna;4936,9373699597;0;0
BEL;1997;Belgium;rgdpna;277138,769657454;0;0
BEL;1998;Belgium;rgdpna;282484,54276013;0;0
BEL;1999;Belgium;rgdpna;292483,836210479;0;0
BEL;2000;Belgium;rgdpna;303217,179916175;0;0
BEL;2001;Belgium;rgdpna;305666,396000322;0;0
BEL;2002;Belgium;rgdpna;309822,457568507;0;0
BEL;2003;Belgium;rgdpna;312322,085158431;0;0
BEL;2004;Belgium;rgdpna;322548,572986488;0;0
BEL;2005;Belgium;rgdpna;328196,913010031;0;0
BEL;2006;Belgium;rgdpna;336947,76307535;0;0
BEL;2007;Belgium;rgdpna;346662,794365992;0;0
BEL;2008;Belgium;rgdpna;350078,051517438;0;0
BEL;2009;Belgium;rgdpna;340358,615337361;0;0
BEL;2010;Belgium;rgdpna;348597,617319422;0;0
BEL;2011;Belgium;rgdpna;354817,124596042;0;0
BEN;1998;Benin;rgdpna;7040,0145070562;0;0
BEN;1999;Benin;rgdpna;7416,0533176916;0;0
BEN;2000;Benin;rgdpna;7776,5971760601;0;0
BEN;2001;Benin;rgdpna;8262,5108948348;0;0
BEN;2002;Benin;rgdpna;8627,8059486061;0;0
BEN;2003;Benin;rgdpna;8962,7812342096;0;0
BEN;2004;Benin;rgdpna;9242,4072016627;0;0
BEN;2005;Benin;rgdpna;9507,2240556697;0;0
BEN;2006;Benin;rgdpna;9863,9497884959;0;0
BEN;2007;Benin;rgdpna;10320,2952133568;0;0
BEN;2008;Benin;rgdpna;10838,2164886935;0;0
BEN;2009;Benin;rgdpna;11127,2186051554;0;0
BEN;2010;Benin;rgdpna;11411,2721441787;0;0
BEN;2011;Benin;rgdpna;11763,0906098308;0;0
BFA;1997;Burkina Faso;rgdpna;7872,7620839703;0;0
BFA;1998;Burkina Faso;rgdpna;8448,0810237337;0;0
BFA;1999;Burkina Faso;rgdpna;8975,3833547686;0;0
BFA;2000;Burkina Faso;rgdpna;9144,8811258067;0;0
BFA;2001;Burkina Faso;rgdpna;9749,6692197212;0;0
BFA;2002;Burkina Faso;rgdpna;10174,0687941665;0;0
BFA;2003;Burkina Faso;rgdpna;10967,8998902575;0;0
BFA;2004;Burkina Faso;rgdpna;11459,0920371576;0;0
BFA;2005;Burkina Faso;rgdpna;12451,6640625;0;0
BFA;2006;Burkina Faso;rgdpna;13230,2847438842;0;0
BFA;2007;Burkina Faso;rgdpna;13774,2343713883;0;0
BFA;2008;Burkina Faso;rgdpna;14573,1406626104;0;0
BFA;2009;Burkina Faso;rgdpna;15004,7902572791;0;0
BFA;2010;Burkina Faso;rgdpna;16196,1706037057;0;0
BFA;2011;Burkina Faso;rgdpna;17018,9360703734;0;0
BGD;1997;Bangladesh;rgdpna;112828,24122445;0;0
BGD;1998;Bangladesh;rgdpna;118726,322488332;0;0
BGD;1999;Bangladesh;rgdpna;124507,253169433;0;0
BGD;2000;Bangladesh;rgdpna;131908,981473851;0;0
BGD;2001;Bangladesh;rgdpna;138865,280089892;0;0
BGD;2002;Bangladesh;rgdpna;144996,954466364;0;0
BGD;2003;Bangladesh;rgdpna;152617,986087011;0;0
BGD;2004;Bangladesh;rgdpna;162187,901331216;0;0
BGD;2005;Bangladesh;rgdpna;171847,03125;0;0
BGD;2006;Bangladesh;rgdpna;183239,346109429;0;0
BGD;2007;Bangladesh;rgdpna;195017,678575968;0;0
BGD;2008;Bangladesh;rgdpna;207090,046131599;0;0
BGD;2009;Bangladesh;rgdpna;218979,414177972;0;0
BGD;2010;Bangladesh;rgdpna;232270,083426078;0;0
BGD;2011;Bangladesh;rgdpna;247744,516779373;0;0
BGR;1997;Bulgaria;rgdpna;51231,4359227201;0;0
BGR;1998;Bulgaria;rgdpna;53284,2082003413;0;0
BGR;1999;Bulgaria;rgdpna;54510,7305317008;0;0
BGR;2000;Bulgaria;rgdpna;57631,9992221838;0;0
BGR;2001;Bulgaria;rgdpna;60024,5509266849;0;0
BGR;2002;Bulgaria;rgdpna;62815,8119829414;0;0
BGR;2003;Bulgaria;rgdpna;66274,0538617277;0;0
BGR;2004;Bulgaria;rgdpna;70746,4215355117;0;0
BGR;2005;Bulgaria;rgdpna;75244,6969668204;0;0
BGR;2006;Bulgaria;rgdpna;80143,597906187;0;0
BGR;2007;Bulgaria;rgdpna;85311,4439225066;0;0
BGR;2008;Bulgaria;rgdpna;90592,765571528;0;0
BGR;2009;Bulgaria;rgdpna;85631,5765377955;0;0
BGR;2010;Bulgaria;rgdpna;85967,9132494869;0;0
BGR;2011;Bulgaria;rgdpna;87402,4939812534;0;0
BHR;1997;Bahrain;rgdpna;13279,2912840254;0;0
BHR;1998;Bahrain;rgdpna;13901,0077311045;0;0
BHR;1999;Bahrain;rgdpna;14508,801056811;0;0
BHR;2000;Bahrain;rgdpna;15289,9081398762;0;0
BHR;2001;Bahrain;rgdpna;15930,4968359896;0;0
BHR;2002;Bahrain;rgdpna;16759,1218039776;0;0
BHR;2003;Bahrain;rgdpna;17973,2363926344;0;0
BHR;2004;Bahrain;rgdpna;18987,7465216942;0;0
BHR;2005;Bahrain;rgdpna;20479,062223809;0;0
BHR;2006;Bahrain;rgdpna;21841,2185247015;0;0
BHR;2007;Bahrain;rgdpna;23672,3590942062;0;0
BHR;2008;Bahrain;rgdpna;25165,6576865669;0;0
BHR;2009;Bahrain;rgdpna;25947,1207128066;0;0
BHR;2010;Bahrain;rgdpna;27117,3791317849;0;0
BHR;2011;Bahrain;rgdpna;27712,6996058935;0;0
BHS;2009;Bahamas;rgdpna;7194,8511691164;0;0
BHS;2010;Bahamas;rgdpna;7207,7108403226;0;0
BHS;2011;Bahamas;rgdpna;7325,1135841859;0;0
BIH;1997;Bosnia and Herzegovina;rgdpna;13217,4350196166;0;0
BIH;1998;Bosnia and Herzegovina;rgdpna;15413,6934631245;0;0
BIH;1999;Bosnia and Herzegovina;rgdpna;16881,3191232598;0;0
BIH;2000;Bosnia and Herzegovina;rgdpna;17795,3272225254;0;0
BIH;2001;Bosnia and Herzegovina;rgdpna;18216,4737400129;0;0
BIH;2002;Bosnia and Herzegovina;rgdpna;19137,3128134463;0;0
BIH;2003;Bosnia and Herzegovina;rgdpna;19876,9522513744;0;0
BIH;2004;Bosnia and Herzegovina;rgdpna;21121,8835658822;0;0
BIH;2005;Bosnia and Herzegovina;rgdpna;22806,759765625;0;0
BIH;2006;Bosnia and Herzegovina;rgdpna;24165,7872679539;0;0
BIH;2007;Bosnia and Herzegovina;rgdpna;25643,2589771337;0;0
BIH;2008;Bosnia and Herzegovina;rgdpna;27073,6257757861;0;0
BIH;2009;Bosnia and Herzegovina;rgdpna;26285,2221982259;0;0
BIH;2010;Bosnia and Herzegovina;rgdpna;26474,2930659775;0;0
BIH;2011;Bosnia and Herzegovina;rgdpna;26924,3560480991;0;0
BLR;1997;Belarus;rgdpna;52790,2015518563;0;0
BLR;1998;Belarus;rgdpna;57248,0315838286;0;0
BLR;1999;Belarus;rgdpna;59222,2930961741;0;0
BLR;2000;Belarus;rgdpna;62649,8393472259;0;0
BLR;2001;Belarus;rgdpna;65610,2359688141;0;0
BLR;2002;Belarus;rgdpna;68896,2492893818;0;0
BLR;2003;Belarus;rgdpna;73715,346651329;0;0
BLR;2004;Belarus;rgdpna;82138,8805668229;0;0
BLR;2005;Belarus;rgdpna;89893,8984375;0;0
BLR;2006;Belarus;rgdpna;98881,4342319427;0;0
BLR;2007;Belarus;rgdpna;107363,810525017;0;0
BLR;2008;Belarus;rgdpna;118362,40735203;0;0
BLR;2009;Belarus;rgdpna;118544,827914332;0;0
BLR;2010;Belarus;rgdpna;127721,125816707;0;0
BLR;2011;Belarus;rgdpna;134449,617972267;0;0
BLZ;2003;Belize;rgdpna;1777,9483565091;0;0
BLZ;2004;Belize;rgdpna;1860,2911464387;0;0
BLZ;2005;Belize;rgdpna;1917,5499648396;0;0
BLZ;2006;Belize;rgdpna;2025,331270065;0;0
BLZ;2007;Belize;rgdpna;2030,9153343982;0;0
BLZ;2008;Belize;rgdpna;2107,4967881109;0;0
BLZ;2009;Belize;rgdpna;2106,9649724602;0;0
BLZ;2010;Belize;rgdpna;2164,7556065119;0;0
BLZ;2011;Belize;rgdpna;2216,0180057921;0;0
BOL;1998;Bolivia;rgdpna;23947,8100856823;0;0
BOL;1999;Bolivia;rgdpna;24050,0397839313;0;0
BOL;2000;Bolivia;rgdpna;24653,1690945916;0;0
BOL;2001;Bolivia;rgdpna;25068,2792663705;0;0
BOL;2002;Bolivia;rgdpna;25691,3680328049;0;0
BOL;2003;Bolivia;rgdpna;26387,9480448933;0;0
BOL;2004;Bolivia;rgdpna;27489,1950690256;0;0
BOL;2005;Bolivia;rgdpna;28704,5675708481;0;0
BOL;2006;Bolivia;rgdpna;30081,56019963;0;0
BOL;2007;Bolivia;rgdpna;31454,5829609789;0;0
BOL;2008;Bolivia;rgdpna;33388,5700454328;0;0
BOL;2009;Bolivia;rgdpna;34509,5062247848;0;0
BOL;2010;Bolivia;rgdpna;35933,5636279463;0;0
BOL;2011;Bolivia;rgdpna;37792,7412072032;0;0
BRA;1997;Brazil;rgdpna;1143495,62753748;0;0
BRA;1998;Brazil;rgdpna;1143899,86728758;0;0
BRA;1999;Brazil;rgdpna;1146806,11932456;0;0
BRA;2000;Brazil;rgdpna;1196189,85213025;0;0
BRA;2001;Brazil;rgdpna;1211897,24607939;0;0
BRA;2002;Brazil;rgdpna;1244110,61509865;0;0
BRA;2003;Brazil;rgdpna;1258375,83403078;0;0
BRA;2004;Brazil;rgdpna;1330257,94085989;0;0
BRA;2005;Brazil;rgdpna;1372289,75;0;0
BRA;2006;Brazil;rgdpna;1426591,73649897;0;0
BRA;2007;Brazil;rgdpna;1513491,2970311;0;0
BRA;2008;Brazil;rgdpna;1591625,35120867;0;0
BRA;2009;Brazil;rgdpna;1586352,13293198;0;0
BRA;2010;Brazil;rgdpna;1705861,68269867;0;0
BRA;2011;Brazil;rgdpna;1752480,91799407;0;0
BRB;2007;Barbados;rgdpna;7089,8460615932;0;0
BRB;2008;Barbados;rgdpna;7111,1156006698;0;0
BRB;2009;Barbados;rgdpna;6819,5598596105;0;0
BRB;2010;Barbados;rgdpna;6833,1989762975;0;0
BRB;2011;Barbados;rgdpna;6874,1981705616;0;0
BRN;1997;Brunei;rgdpna;17261,4410702862;0;0
BRN;1998;Brunei;rgdpna;17164,7235418769;0;0
BRN;1999;Brunei;rgdpna;17688,7566958036;0;0
BRN;2000;Brunei;rgdpna;18193,3890397922;0;0
BRN;2001;Brunei;rgdpna;18692,7925985559;0;0
BRN;2002;Brunei;rgdpna;19416,5502112523;0;0
BRN;2003;Brunei;rgdpna;19980,2730137483;0;0
BRN;2004;Brunei;rgdpna;20081,0207984949;0;0
BRN;2005;Brunei;rgdpna;20158,9223713773;0;0
BRN;2006;Brunei;rgdpna;21045,3684137574;0;0
BRN;2007;Brunei;rgdpna;21077,3871911624;0;0
BRN;2008;Brunei;rgdpna;20669,4150713268;0;0
BRN;2009;Brunei;rgdpna;20304,3503640946;0;0
BRN;2010;Brunei;rgdpna;20832,0763691061;0;0
BRN;2011;Brunei;rgdpna;21291,9242541794;0;0
BTN;2005;Bhutan;rgdpna;2810,080078125;0;0
BTN;2006;Bhutan;rgdpna;3002,5499834033;0;0
BTN;2007;Bhutan;rgdpna;3540,8429641917;0;0
BTN;2008;Bhutan;rgdpna;3706,164687684;0;0
BTN;2009;Bhutan;rgdpna;3955,5581999328;0;0
BTN;2010;Bhutan;rgdpna;4421,0668080477;0;0
BTN;2011;Bhutan;rgdpna;4679,8578300084;0;0
BWA;1998;Botswana;rgdpna;10998,3554590587;0;0
BWA;1999;Botswana;rgdpna;12080,7248966802;0;0
BWA;2000;Botswana;rgdpna;12791,5719804754;0;0
BWA;2001;Botswana;rgdpna;13239,2512710971;0;0
BWA;2002;Botswana;rgdpna;14426,4467626475;0;0
BWA;2003;Botswana;rgdpna;15331,3617162689;0;0
BWA;2004;Botswana;rgdpna;16247,3032534031;0;0
BWA;2005;Botswana;rgdpna;16528,701664651;0;0
BWA;2006;Botswana;rgdpna;17377,6015740271;0;0
BWA;2007;Botswana;rgdpna;18213,2695831877;0;0
BWA;2008;Botswana;rgdpna;18748,6469680151;0;0
BWA;2009;Botswana;rgdpna;17844,0995671775;0;0
BWA;2010;Botswana;rgdpna;19095,6167958861;0;0
BWA;2011;Botswana;rgdpna;20188,57175368;0;0
CAF;2006;Central African Republic;rgdpna;2493,8497549477;0;0
CAF;2007;Central African Republic;rgdpna;2586,4090331645;0;0
CAF;2008;Central African Republic;rgdpna;2638,6711934852;0;0
CAF;2009;Central African Republic;rgdpna;2683,7751429921;0;0
CAF;2010;Central African Republic;rgdpna;2765,5510536827;0;0
CAF;2011;Central African Republic;rgdpna;2856,8517692258;0;0
CAN;1997;Canada;rgdpna;875176,449544681;0;0
CAN;1998;Canada;rgdpna;911036,213475321;0;0
CAN;1999;Canada;rgdpna;961432,576577147;0;0
CAN;2000;Canada;rgdpna;1011747,1184466;0;0
CAN;2001;Canada;rgdpna;1029794,67589219;0;0
CAN;2002;Canada;rgdpna;1059911,3247822;0;0
CAN;2003;Canada;rgdpna;1079849,0446295;0;0
CAN;2004;Canada;rgdpna;1113540,08623249;0;0
CAN;2005;Canada;rgdpna;1147158,5;0;0
CAN;2006;Canada;rgdpna;1179543,15990414;0;0
CAN;2007;Canada;rgdpna;1205493,3613211;0;0
CAN;2008;Canada;rgdpna;1213795,91805744;0;0
CAN;2009;Canada;rgdpna;1180176,58495024;0;0
CAN;2010;Canada;rgdpna;1218118,65327771;0;0
CAN;2011;Canada;rgdpna;1248079,0144205;0;0
CHE;1997;Switzerland;rgdpna;249488,695804543;0;0
CHE;1998;Switzerland;rgdpna;256310,19614334;0;0
CHE;1999;Switzerland;rgdpna;259888,535537743;0;0
CHE;2000;Switzerland;rgdpna;269429,53222141;0;0
CHE;2001;Switzerland;rgdpna;272778,949752229;0;0
CHE;2002;Switzerland;rgdpna;273284,599735634;0;0
CHE;2003;Switzerland;rgdpna;273342,223851304;0;0
CHE;2004;Switzerland;rgdpna;279960,210989281;0;0
CHE;2005;Switzerland;rgdpna;287505,004635842;0;0
CHE;2006;Switzerland;rgdpna;298290,918029729;0;0
CHE;2007;Switzerland;rgdpna;309762,345757623;0;0
CHE;2008;Switzerland;rgdpna;316466,395872997;0;0
CHE;2009;Switzerland;rgdpna;310336,977503497;0;0
CHE;2010;Switzerland;rgdpna;319751,675615861;0;0
CHE;2011;Switzerland;rgdpna;325913,471968197;0;0
CHL;1997;Chile;rgdpna;136861,889496211;0;0
CHL;1998;Chile;rgdpna;141283,731144326;0;0
CHL;1999;Chile;rgdpna;140208,76707769;0;0
CHL;2000;Chile;rgdpna;146502,844521332;0;0
CHL;2001;Chile;rgdpna;151450,302975965;0;0
CHL;2002;Chile;rgdpna;154758,144906548;0;0
CHL;2003;Chile;rgdpna;160819,886660508;0;0
CHL;2004;Chile;rgdpna;172103,222544925;0;0
CHL;2005;Chile;rgdpna;182733,545847229;0;0
CHL;2006;Chile;rgdpna;193139,007457637;0;0
CHL;2007;Chile;rgdpna;203106,57467109;0;0
CHL;2008;Chile;rgdpna;209793,767978448;0;0
CHL;2009;Chile;rgdpna;207619,398688067;0;0
CHL;2010;Chile;rgdpna;220274,227952212;0;0
CHL;2011;Chile;rgdpna;233464,74785395;0;0
CHN;1997;China;rgdpna;3378559,36419362;0;0
CHN;1998;China;rgdpna;3643213,63812399;0;0
CHN;1999;China;rgdpna;3920820,53233869;0;0
CHN;2000;China;rgdpna;4251395,86816506;0;0
CHN;2001;China;rgdpna;4604275,22728988;0;0
CHN;2002;China;rgdpna;5023263,82055786;0;0
CHN;2003;China;rgdpna;5525590,88266028;0;0
CHN;2004;China;rgdpna;6083675,72417007;0;0
CHN;2005;China;rgdpna;6771131;0;0
CHN;2006;China;rgdpna;7631064,42407602;0;0
CHN;2007;China;rgdpna;8714675,57771403;0;0
CHN;2008;China;rgdpna;9551284,19721757;0;0
CHN;2009;China;rgdpna;10430003,3259095;0;0
CHN;2010;China;rgdpna;11504292,8406119;0;0
CHN;2011;China;rgdpna;12562687,781948;0;1
CIV;1997;Côte d’Ivoire;rgdpna;24248,6032747842;0;0
CIV;1998;Côte d’Ivoire;rgdpna;25492,2780206207;0;0
CIV;1999;Côte d’Ivoire;rgdpna;25987,6596643631;0;0
CIV;2000;Côte d’Ivoire;rgdpna;25294,2366318022;0;0
CIV;2001;Côte d’Ivoire;rgdpna;25323,5715723588;0;0
CIV;2002;Côte d’Ivoire;rgdpna;24901,3516140843;0;0
CIV;2003;Côte d’Ivoire;rgdpna;24562,0060376544;0;0
CIV;2004;Côte d’Ivoire;rgdpna;24864,7781816982;0;0
CIV;2005;Côte d’Ivoire;rgdpna;25293,220703125;0;0
CIV;2006;Côte d’Ivoire;rgdpna;25469,8145054529;0;0
CIV;2007;Côte d’Ivoire;rgdpna;25878,9543820066;0;0
CIV;2008;Côte d’Ivoire;rgdpna;26478,4030980365;0;0
CIV;2009;Côte d’Ivoire;rgdpna;27484,1216921049;0;0
CIV;2010;Côte d’Ivoire;rgdpna;28307,4302921708;0;0
CIV;2011;Côte d’Ivoire;rgdpna;26968,8397075085;0;0
CMR;1997;Cameroon;rgdpna;22343,9010906884;0;0
CMR;1998;Cameroon;rgdpna;23437,7153814069;0;0
CMR;1999;Cameroon;rgdpna;24389,8207334222;0;0
CMR;2000;Cameroon;rgdpna;25407,7496652529;0;0
CMR;2001;Cameroon;rgdpna;26554,7243621599;0;0
CMR;2002;Cameroon;rgdpna;27619,3150976027;0;0
CMR;2003;Cameroon;rgdpna;28732,6478429727;0;0
CMR;2004;Cameroon;rgdpna;29796,2885320644;0;0
CMR;2005;Cameroon;rgdpna;30480,6654359363;0;0
CMR;2006;Cameroon;rgdpna;31463,3629994497;0;0
CMR;2007;Cameroon;rgdpna;32487,704536891;0;0
CMR;2008;Cameroon;rgdpna;33424,6649561712;0;0
CMR;2009;Cameroon;rgdpna;34070,3795434552;0;0
CMR;2010;Cameroon;rgdpna;35169,9303643781;0;0
CMR;2011;Cameroon;rgdpna;36627,3466050553;0;0
COG;2005;Congo;rgdpna;9844,2784826975;0;0
COG;2006;Congo;rgdpna;10458,6434592987;0;0
COG;2007;Congo;rgdpna;10292,0045782731;0;0
COG;2008;Congo-Brazzaville;rgdpna;10902,2371515571;0;0
COG;2008;Congo;rgdpna;10902,2371515571;0;0
COG;2009;Congo-Brazzaville;rgdpna;11719,9862209327;0;0
COG;2009;Congo;rgdpna;11719,9862209327;0;0
COG;2010;Congo-Brazzaville;rgdpna;12741,2366350989;0;0
COG;2010;Congo;rgdpna;12741,2366350989;0;0
COG;2011;Congo-Brazzaville;rgdpna;13309,4436153966;0;0
COG;2011;Congo;rgdpna;13309,4436153966;0;0
COL;2000;Colombia;rgdpna;230631,465075032;0;0
COL;2001;Colombia;rgdpna;234501,226524558;0;0
COL;2002;Colombia;rgdpna;240373,091428087;0;0
COL;2003;Colombia;rgdpna;249791,562733349;0;0
COL;2004;Colombia;rgdpna;263113,001896556;0;0
COL;2005;Colombia;rgdpna;275496,5625;0;0
COL;2006;Colombia;rgdpna;293947,986807891;0;0
COL;2007;Colombia;rgdpna;314232,242878084;0;0
COL;2008;Colombia;rgdpna;325377,447421183;0;0
COL;2009;Colombia;rgdpna;330751,216198413;0;0
COL;2010;Colombia;rgdpna;343985,184822368;0;0
COL;2011;Colombia;rgdpna;364379,588979027;0;0
COM;2006;Comoros;rgdpna;635,1033674364;0;0
COM;2007;Comoros;rgdpna;638,2216674296;0;0
COM;2008;Comoros;rgdpna;644,4431990631;0;0
COM;2009;Comoros;rgdpna;656,1090277923;0;0
COM;2010;Comoros;rgdpna;669,5673300815;0;0
COM;2011;Comoros;rgdpna;684,479954887;0;0
CPV;2003;Cape Verde;rgdpna;1153,6614839847;0;0
CPV;2004;Cape Verde;rgdpna;1203,038224136;0;0
CPV;2005;Cape Verde;rgdpna;1281,4870507334;0;0
CPV;2006;Cape Verde;rgdpna;1411,4524401035;0;0
CPV;2007;Cape Verde;rgdpna;1533,5312363455;0;0
CPV;2008;Cape Verde;rgdpna;1628,5737779915;0;0
CPV;2009;Cape Verde;rgdpna;1686,6537592101;0;0
CPV;2010;Cape Verde;rgdpna;1777,9003989976;0;0
CPV;2011;Cape Verde;rgdpna;1867,6110703404;0;0
CRI;1997;Costa Rica;rgdpna;24348,446816635;0;0
CRI;1998;Costa Rica;rgdpna;26393,1919407296;0;0
CRI;1999;Costa Rica;rgdpna;28563,2902707475;0;0
CRI;2000;Costa Rica;rgdpna;29077,6668523411;0;0
CRI;2001;Costa Rica;rgdpna;29390,659595296;0;0
CRI;2002;Costa Rica;rgdpna;30243,6299960598;0;0
CRI;2003;Costa Rica;rgdpna;32180,5863412462;0;0
CRI;2004;Costa Rica;rgdpna;33551,3045507637;0;0
CRI;2005;Costa Rica;rgdpna;35526,2605740374;0;0
CRI;2006;Costa Rica;rgdpna;38645,3372014863;0;0
CRI;2007;Costa Rica;rgdpna;41711,977070312;0;0
CRI;2008;Costa Rica;rgdpna;42851,3915896304;0;0
CRI;2009;Costa Rica;rgdpna;42416,1397811413;0;0
CRI;2010;Costa Rica;rgdpna;44401,1639352431;0;0
CRI;2011;Costa Rica;rgdpna;46250,0103848586;0;0
CYP;1998;Cyprus;rgdpna;12227,6070414032;0;0
CYP;1999;Cyprus;rgdpna;12817,5228590262;0;0
CYP;2000;Cyprus;rgdpna;13460,0704399329;0;0
CYP;2001;Cyprus;rgdpna;14001,6375172624;0;0
CYP;2002;Cyprus;rgdpna;14299,6841445765;0;0
CYP;2003;Cyprus;rgdpna;14566,7494544915;0;0
CYP;2004;Cyprus;rgdpna;15183,6930298303;0;0
CYP;2005;Cyprus;rgdpna;15769,4905561165;0;0
CYP;2006;Cyprus;rgdpna;16420,7218484704;0;0
CYP;2007;Cyprus;rgdpna;17257,1821186047;0;0
CYP;2008;Cyprus;rgdpna;17876,0318745051;0;0
CYP;2009;Cyprus;rgdpna;17544,4505891632;0;0
CYP;2010;Cyprus;rgdpna;17774,0747475538;0;0
CYP;2011;Cyprus;rgdpna;17868,7013159257;0;0
CZE;1997;Czech Republic;rgdpna;160530,639248205;0;0
CZE;1998;Czech Republic;rgdpna;160151,82668363;0;0
CZE;1999;Czech Republic;rgdpna;162841,236224012;0;0
CZE;2000;Czech Republic;rgdpna;169657,201251378;0;0
CZE;2001;Czech Republic;rgdpna;174912,077970393;0;0
CZE;2002;Czech Republic;rgdpna;178671,463358344;0;0
CZE;2003;Czech Republic;rgdpna;185400,542328573;0;0
CZE;2004;Czech Republic;rgdpna;194193,331476728;0;0
CZE;2005;Czech Republic;rgdpna;207306,140625;0;0
CZE;2006;Czech Republic;rgdpna;221859,821308847;0;0
CZE;2007;Czech Republic;rgdpna;234583,77210799;0;0
CZE;2008;Czech Republic;rgdpna;241853,527178026;0;0
CZE;2009;Czech Republic;rgdpna;230952,853011256;0;0
CZE;2010;Czech Republic;rgdpna;236709,22061748;0;0
CZE;2011;Czech Republic;rgdpna;241175,935683436;0;0
DEU;1997;Germany;rgdpna;2373227,035;0;0
DEU;1998;Germany;rgdpna;2417412,93;0;0
DEU;1999;Germany;rgdpna;2462644,645;0;0
DEU;2000;Germany;rgdpna;2537943,685;0;0
DEU;2001;Germany;rgdpna;2576377,57;0;0
DEU;2002;Germany;rgdpna;2576639,025;0;0
DEU;2003;Germany;rgdpna;2566965,19;0;0
DEU;2004;Germany;rgdpna;2596771,06;0;0
DEU;2005;Germany;rgdpna;2614550;0;0
DEU;2006;Germany;rgdpna;2711288,35;0;0
DEU;2007;Germany;rgdpna;2799921,595;0;0
DEU;2008;Germany;rgdpna;2830250,375;0;0
DEU;2009;Germany;rgdpna;2685142,85;0;0
DEU;2010;Germany;rgdpna;2796784,135;0;0
DEU;2011;Germany;rgdpna;2881495,555;0;0
DJI;2006;Djibouti;rgdpna;1603,6546897014;0;0
DJI;2007;Djibouti;rgdpna;1683,8374241804;0;0
DJI;2008;Djibouti;rgdpna;1781,4999947869;0;0
DJI;2009;Djibouti;rgdpna;1870,5749945236;0;0
DJI;2010;Djibouti;rgdpna;1936,0451193282;0;0
DJI;2011;Djibouti;rgdpna;2028,975285061;0;0
DMA;2001;Dominica;rgdpna;568,6275663925;0;0
DMA;2002;Dominica;rgdpna;558,003924404;0;0
DMA;2003;Dominica;rgdpna;600,7835257505;0;0
DMA;2004;Dominica;rgdpna;620,4934701776;0;0
DMA;2005;Dominica;rgdpna;617,5765257307;0;0
DMA;2006;Dominica;rgdpna;644,9409304107;0;0
DMA;2007;Dominica;rgdpna;683,38906041;0;0
DMA;2008;Dominica;rgdpna;735,7740025513;0;0
DMA;2009;Dominica;rgdpna;729,1819108102;0;0
DMA;2010;Dominica;rgdpna;744,3670186769;0;0
DMA;2011;Dominica;rgdpna;748,3710670534;0;0
DNK;1997;Denmark;rgdpna;156328,504904989;0;0
DNK;1998;Denmark;rgdpna;159705,91384271;0;0
DNK;1999;Denmark;rgdpna;163795,106224422;0;0
DNK;2000;Denmark;rgdpna;169574,871886137;0;0
DNK;2001;Denmark;rgdpna;170770,093412617;0;0
DNK;2002;Denmark;rgdpna;171565,622955943;0;0
DNK;2003;Denmark;rgdpna;172224,145282366;0;0
DNK;2004;Denmark;rgdpna;176179,250464587;0;0
DNK;2005;Denmark;rgdpna;180487,09375;0;0
DNK;2006;Denmark;rgdpna;186614,107882176;0;0
DNK;2007;Denmark;rgdpna;189568,698298851;0;0
DNK;2008;Denmark;rgdpna;188082,759838978;0;0
DNK;2009;Denmark;rgdpna;177110,502417155;0;0
DNK;2010;Denmark;rgdpna;179405,168899049;0;0
DNK;2011;Denmark;rgdpna;180785,636330053;0;0
DOM;2009;Dominican Republic;rgdpna;79599,0314240118;0;0
DOM;2010;Dominican Republic;rgdpna;85768,9531945475;0;0
DOM;2011;Dominican Republic;rgdpna;89613,9131112302;0;0
ECU;1997;Ecuador;rgdpna;59292,8024473404;0;0
ECU;1998;Ecuador;rgdpna;60547,2026415489;0;0
ECU;1999;Ecuador;rgdpna;57223,9720456565;0;0
ECU;2000;Ecuador;rgdpna;59601,580864376;0;0
ECU;2001;Ecuador;rgdpna;62435,9461584486;0;0
ECU;2002;Ecuador;rgdpna;64576,091683941;0;0
ECU;2003;Ecuador;rgdpna;66690,003287946;0;0
ECU;2004;Ecuador;rgdpna;72574,710756715;0;0
ECU;2005;Ecuador;rgdpna;76743,221216884;0;0
ECU;2006;Ecuador;rgdpna;80389,6777375711;0;0
ECU;2007;Ecuador;rgdpna;82027,7769439038;0;0
ECU;2008;Ecuador;rgdpna;87968,0086703871;0;0
ECU;2009;Ecuador;rgdpna;88286,4614636597;0;0
ECU;2010;Ecuador;rgdpna;91448,3609644805;0;0
ECU;2011;Ecuador;rgdpna;98567,3255548874;0;0
ESP;1997;Spain;rgdpna;844790,041907628;0;0
ESP;1998;Spain;rgdpna;882536,618422051;0;0
ESP;1999;Spain;rgdpna;924421,253770467;0;0
ESP;2000;Spain;rgdpna;971102,819923547;0;0
ESP;2001;Spain;rgdpna;1006736,76363224;0;0
ESP;2002;Spain;rgdpna;1034021,16659331;0;0
ESP;2003;Spain;rgdpna;1065966,64663316;0;0
ESP;2004;Spain;rgdpna;1100709,70894568;0;0
ESP;2005;Spain;rgdpna;1140155,25;0;0
ESP;2006;Spain;rgdpna;1186630,50271219;0;0
ESP;2007;Spain;rgdpna;1227915,56908448;0;0
ESP;2008;Spain;rgdpna;1238864,84949703;0;0
ESP;2009;Spain;rgdpna;1192472,39099968;0;0
ESP;2010;Spain;rgdpna;1188658,51826935;0;0
ESP;2011;Spain;rgdpna;1193625,60257201;0;1
EST;1999;Estonia;rgdpna;13243,5899668353;0;0
EST;2000;Estonia;rgdpna;14564,5432646496;0;0
EST;2001;Estonia;rgdpna;15479,4360793111;0;0
EST;2002;Estonia;rgdpna;16494,953420791;0;0
EST;2003;Estonia;rgdpna;17775,8503419692;0;0
EST;2004;Estonia;rgdpna;18903,3435479488;0;0
EST;2005;Estonia;rgdpna;20576,9504314133;0;0
EST;2006;Estonia;rgdpna;22654,6757576042;0;0
EST;2007;Estonia;rgdpna;24352,0102590042;0;0
EST;2008;Estonia;rgdpna;23341,0717819691;0;0
EST;2009;Estonia;rgdpna;20056,4649758772;0;0
EST;2010;Estonia;rgdpna;20724,4183495857;0;0
EST;2011;Estonia;rgdpna;22440,9054450323;0;0
ETH;1997;Ethiopia;rgdpna;28022,8647622592;0;0
ETH;1998;Ethiopia;rgdpna;26889,2375548479;0;0
ETH;1999;Ethiopia;rgdpna;28277,3700565245;0;0
ETH;2000;Ethiopia;rgdpna;29994,6152057771;0;0
ETH;2001;Ethiopia;rgdpna;32484,5972736253;0;0
ETH;2002;Ethiopia;rgdpna;32976,6467213899;0;0
ETH;2003;Ethiopia;rgdpna;32263,9942533307;0;0
ETH;2004;Ethiopia;rgdpna;36642,9803820079;0;0
ETH;2005;Ethiopia;rgdpna;40973,7565935555;0;0
ETH;2006;Ethiopia;rgdpna;45413,1115085839;0;0
ETH;2007;Ethiopia;rgdpna;50615,6445333882;0;0
ETH;2008;Ethiopia;rgdpna;56076,3407330707;0;0
ETH;2009;Ethiopia;rgdpna;61012,453195011;0;0
ETH;2010;Ethiopia;rgdpna;68669,8477554043;0;0
ETH;2011;Ethiopia;rgdpna;76345,9608978643;0;0
FIN;1997;Finland;rgdpna;124256,287135482;0;0
FIN;1998;Finland;rgdpna;130507,672953316;0;0
FIN;1999;Finland;rgdpna;135608,39753783;0;0
FIN;2000;Finland;rgdpna;142827,851397971;0;0
FIN;2001;Finland;rgdpna;146089,678875337;0;0
FIN;2002;Finland;rgdpna;148769,152921004;0;0
FIN;2003;Finland;rgdpna;151763,032993804;0;0
FIN;2004;Finland;rgdpna;158023,062276302;0;0
FIN;2005;Finland;rgdpna;162631,109375;0;0
FIN;2006;Finland;rgdpna;169804,104612574;0;0
FIN;2007;Finland;rgdpna;178863,536012945;0;0
FIN;2008;Finland;rgdpna;179388,626491249;0;0
FIN;2009;Finland;rgdpna;164071,326674546;0;0
FIN;2010;Finland;rgdpna;169525,352877178;0;0
FIN;2011;Finland;rgdpna;174172,295566861;0;0
FJI;1997;Fiji;rgdpna;2711,8534230691;0;0
FJI;1998;Fiji;rgdpna;2647,3972771552;0;0
FJI;1999;Fiji;rgdpna;2681,6432141008;0;0
FJI;2000;Fiji;rgdpna;2915,256439882;0;0
FJI;2001;Fiji;rgdpna;2864,9052964941;0;0
FJI;2002;Fiji;rgdpna;2918,390786304;0;0
FJI;2003;Fiji;rgdpna;3011,4641056824;0;0
FJI;2004;Fiji;rgdpna;3036,7363121967;0;0
FJI;2005;Fiji;rgdpna;3201,4194335938;0;0
FJI;2006;Fiji;rgdpna;3260,725408711;0;0
FJI;2007;Fiji;rgdpna;3231,3788796095;0;0
FJI;2008;Fiji;rgdpna;3263,6926686197;0;0
FJI;2009;Fiji;rgdpna;3221,2646636556;0;0
FJI;2010;Fiji;rgdpna;3214,822134492;0;0
FJI;2011;Fiji;rgdpna;3279,1185771818;0;0
FRA;1997;France;rgdpna;1526112,05821002;0;0
FRA;1998;France;rgdpna;1577667,24031717;0;0
FRA;1999;France;rgdpna;1629603,2693215;0;0
FRA;2000;France;rgdpna;1689571,8015953;0;0
FRA;2001;France;rgdpna;1720587,8476563;0;0
FRA;2002;France;rgdpna;1736569,9331256;0;0
FRA;2003;France;rgdpna;1752190,45625031;0;0
FRA;2004;France;rgdpna;1796779,06792373;0;0
FRA;2005;France;rgdpna;1829597;0;0
FRA;2006;France;rgdpna;1874731,43334915;0;0
FRA;2007;France;rgdpna;1917576,81918752;0;0
FRA;2008;France;rgdpna;1916029,9558672;0;0
FRA;2009;France;rgdpna;1855731,50862626;0;0
FRA;2010;France;rgdpna;1886594,06487372;0;0
FRA;2011;France;rgdpna;1918623,27360684;0;0
GAB;2000;Gabon;rgdpna;14233,6866003331;0;0
GAB;2001;Gabon;rgdpna;14418,2329855265;0;0
GAB;2002;Gabon;rgdpna;14307,0999662732;0;0
GAB;2003;Gabon;rgdpna;14685,2663886793;0;0
GAB;2004;Gabon;rgdpna;14631,8597080488;0;0
GAB;2005;Gabon;rgdpna;15452,5947265625;0;0
GAB;2006;Gabon;rgdpna;15083,0676201408;0;0
GAB;2007;Gabon;rgdpna;15934,4329407809;0;0
GAB;2008;Gabon;rgdpna;16210,105659918;0;0
GAB;2009;Gabon;rgdpna;16142,9546129487;0;0
GAB;2010;Gabon;rgdpna;17041,8361715027;0;0
GAB;2011;Gabon;rgdpna;18027,2931065714;0;0
GBR;1997;United Kingdom;rgdpna;1498841,99117581;0;0
GBR;1998;United Kingdom;rgdpna;1551521,22923461;0;0
GBR;1999;United Kingdom;rgdpna;1600653,7049536;0;0
GBR;2000;United Kingdom;rgdpna;1668448,8068542;0;0
GBR;2001;United Kingdom;rgdpna;1716589,80444653;0;0
GBR;2002;United Kingdom;rgdpna;1758353,03544411;0;0
GBR;2003;United Kingdom;rgdpna;1825432,3792583;0;0
GBR;2004;United Kingdom;rgdpna;1878518,23475205;0;0
GBR;2005;United Kingdom;rgdpna;1930633,5;0;0
GBR;2006;United Kingdom;rgdpna;1980838,22032046;0;0
GBR;2007;United Kingdom;rgdpna;2052795,58081364;0;0
GBR;2008;United Kingdom;rgdpna;2032927,02758568;0;0
GBR;2009;United Kingdom;rgdpna;1952129,91548824;0;0
GBR;2010;United Kingdom;rgdpna;1987254,97762983;0;0
GBR;2011;United Kingdom;rgdpna;2002324,88813005;0;0
GEO;1997;Georgia;rgdpna;12900,4747737046;0;0
GEO;1998;Georgia;rgdpna;13301,0309851021;0;0
GEO;1999;Georgia;rgdpna;13682,6682703569;0;0
GEO;2000;Georgia;rgdpna;13934,2027558152;0;0
GEO;2001;Georgia;rgdpna;14603,8041468869;0;0
GEO;2002;Georgia;rgdpna;15403,1929317982;0;0
GEO;2003;Georgia;rgdpna;17106,4935645066;0;0
GEO;2004;Georgia;rgdpna;18108,8705686564;0;0
GEO;2005;Georgia;rgdpna;19846,07421875;0;0
GEO;2006;Georgia;rgdpna;21708,426755373;0;0
GEO;2007;Georgia;rgdpna;24386,7673616628;0;0
GEO;2008;Georgia;rgdpna;24951,1065572763;0;0
GEO;2009;Georgia;rgdpna;24008,9949233513;0;0
GEO;2010;Georgia;rgdpna;25510,2839999813;0;0
GEO;2011;Georgia;rgdpna;27284,1415245819;0;0
GHA;1997;Ghana;rgdpna;25736,0388348534;0;0
GHA;1998;Ghana;rgdpna;26944,0240954256;0;0
GHA;1999;Ghana;rgdpna;28137,2413676632;0;0
GHA;2000;Ghana;rgdpna;29320,5684414595;0;0
GHA;2001;Ghana;rgdpna;30651,4442589675;0;0
GHA;2002;Ghana;rgdpna;32120,764926918;0;0
GHA;2003;Ghana;rgdpna;33798,8013873368;0;0
GHA;2004;Ghana;rgdpna;35608,0515008856;0;0
GHA;2005;Ghana;rgdpna;37814,2389268911;0;0
GHA;2006;Ghana;rgdpna;39535,4654717702;0;0
GHA;2007;Ghana;rgdpna;42089,2948228266;0;0
GHA;2008;Ghana;rgdpna;45637,6909148922;0;0
GHA;2009;Ghana;rgdpna;47763,3858924041;0;0
GHA;2010;Ghana;rgdpna;50925,4101386446;0;0
GHA;2011;Ghana;rgdpna;58636,0823520119;0;0
GIN;1997;Guinea;rgdpna;7073,8931389081;0;0
GIN;1998;Guinea;rgdpna;7398,2387694836;0;0
GIN;1999;Guinea;rgdpna;7731,9346021596;0;0
GIN;2000;Guinea;rgdpna;7954,991192555;0;0
GIN;2001;Guinea;rgdpna;8249,3258666798;0;0
GIN;2002;Guinea;rgdpna;8678,2908117471;0;0
GIN;2003;Guinea;rgdpna;8782,4303014878;0;0
GIN;2004;Guinea;rgdpna;8984,426198422;0;0
GIN;2005;Guinea;rgdpna;9253,958984375;0;0
GIN;2006;Guinea;rgdpna;9341,9201596422;0;0
GIN;2007;Guinea;rgdpna;9506,2050979365;0;0
GIN;2008;Guinea;rgdpna;9966,2771586851;0;0
GIN;2009;Guinea;rgdpna;9955,6322589735;0;0
GIN;2010;Guinea;rgdpna;10146,0968659004;0;0
GIN;2011;Guinea;rgdpna;10572,2329342682;0;0
GMB;1998;Gambia;rgdpna;1619,2996408822;0;0
GMB;1999;Gambia;rgdpna;1730,1563059274;0;0
GMB;2000;Gambia;rgdpna;1836,2953108319;0;0
GMB;2001;Gambia;rgdpna;1942,5082847322;0;0
GMB;2002;Gambia;rgdpna;1951,3962265423;0;0
GMB;2003;Gambia;rgdpna;1996,3289352496;0;0
GMB;2004;Gambia;rgdpna;2180,1825274524;0;0
GMB;2005;Gambia;rgdpna;2160,6913028197;0;0
GMB;2006;Gambia;rgdpna;2195,761835952;0;0
GMB;2007;Gambia;rgdpna;2298,2934188411;0;0
GMB;2008;Gambia;rgdpna;2426,6738094953;0;0
GMB;2009;Gambia;rgdpna;2578,6791259798;0;0
GMB;2010;Gambia;rgdpna;2735,3503547886;0;0
GMB;2011;Gambia;rgdpna;2884,9740192525;0;0
GNB;2008;Guinea-Bissau;rgdpna;1221,3510226389;0;0
GNB;2009;Guinea-Bissau;rgdpna;1317,6829745001;0;0
GNB;2010;Guinea-Bissau;rgdpna;1338,3228391304;0;0
GNB;2011;Guinea-Bissau;rgdpna;1395,8707212147;0;0
GNQ;1997;Equatorial Guinea;rgdpna;2248,3885375232;0;0
GNQ;1998;Equatorial Guinea;rgdpna;2645,9667897879;0;0
GNQ;1999;Equatorial Guinea;rgdpna;3259,8664274441;0;0
GNQ;2000;Equatorial Guinea;rgdpna;3686,9089294418;0;0
GNQ;2001;Equatorial Guinea;rgdpna;6186,6331836069;0;0
GNQ;2002;Equatorial Guinea;rgdpna;7450,7617645795;0;0
GNQ;2003;Equatorial Guinea;rgdpna;8527,2728820761;0;0
GNQ;2004;Equatorial Guinea;rgdpna;11308,3355410651;0;0
GNQ;2005;Equatorial Guinea;rgdpna;12312,4300132615;0;0
GNQ;2006;Equatorial Guinea;rgdpna;12968,3389037544;0;0
GNQ;2007;Equatorial Guinea;rgdpna;15981,4254502548;0;0
GNQ;2008;Equatorial Guinea;rgdpna;18418,0681436663;0;0
GNQ;2009;Equatorial Guinea;rgdpna;19261,7664088331;0;0
GNQ;2010;Equatorial Guinea;rgdpna;19116,431023889;0;0
GNQ;2011;Equatorial Guinea;rgdpna;20472,4739710768;0;0
GRC;1997;Greece;rgdpna;187140,203855337;0;0
GRC;1998;Greece;rgdpna;193435,008088496;0;0
GRC;1999;Greece;rgdpna;200049,308543878;0;0
GRC;2000;Greece;rgdpna;209006,327693437;0;0
GRC;2001;Greece;rgdpna;217778,688280564;0;0
GRC;2002;Greece;rgdpna;225268,984535437;0;0
GRC;2003;Greece;rgdpna;238658,500992053;0;0
GRC;2004;Greece;rgdpna;249082,160076477;0;0
GRC;2005;Greece;rgdpna;254762,114773867;0;0
GRC;2006;Greece;rgdpna;268883,472397932;0;0
GRC;2007;Greece;rgdpna;276939,508352581;0;0
GRC;2008;Greece;rgdpna;276506,368091887;0;0
GRC;2009;Greece;rgdpna;267520,149188886;0;0
GRC;2010;Greece;rgdpna;258111,389030465;0;0
GRC;2011;Greece;rgdpna;240281,147117118;0;0
GRD;2005;Grenada;rgdpna;649,841673127;0;0
GRD;2006;Grenada;rgdpna;637,3051850802;0;0
GRD;2007;Grenada;rgdpna;666,195322021;0;0
GRD;2008;Grenada;rgdpna;672,2070242933;0;0
GRD;2009;Grenada;rgdpna;626,57391751;0;0
GRD;2010;Grenada;rgdpna;629,2050262987;0;0
GRD;2011;Grenada;rgdpna;629,2071424446;0;0
GTM;2003;Guatemala;rgdpna;44386,6318122742;0;0
GTM;2004;Guatemala;rgdpna;45785,7347168543;0;0
GTM;2005;Guatemala;rgdpna;47278,4010177721;0;0
GTM;2006;Guatemala;rgdpna;49821,8887427127;0;0
GTM;2007;Guatemala;rgdpna;52962,681569241;0;0
GTM;2008;Guatemala;rgdpna;54700,4192954756;0;0
GTM;2009;Guatemala;rgdpna;54988,1668345399;0;0
GTM;2010;Guatemala;rgdpna;56588,2982694736;0;0
GTM;2011;Guatemala;rgdpna;58794,5619587838;0;0
HND;2005;Honduras;rgdpna;20153,4693219794;0;0
HND;2006;Honduras;rgdpna;21476,9750885664;0;0
HND;2007;Honduras;rgdpna;22806,0872976932;0;0
HND;2008;Honduras;rgdpna;23771,1156056788;0;0
HND;2009;Honduras;rgdpna;23264,8050264559;0;0
HND;2010;Honduras;rgdpna;23909,9338457763;0;0
HND;2011;Honduras;rgdpna;24776,0794193883;0;0
HRV;1997;Croatia;rgdpna;49459,0381385514;0;0
HRV;1998;Croatia;rgdpna;50510,5367588294;0;0
HRV;1999;Croatia;rgdpna;49751,5202717005;0;0
HRV;2000;Croatia;rgdpna;51617,3951953709;0;0
HRV;2001;Croatia;rgdpna;53504,4558341014;0;0
HRV;2002;Croatia;rgdpna;56114,4379062957;0;0
HRV;2003;Croatia;rgdpna;59128,3899560236;0;0
HRV;2004;Croatia;rgdpna;61569,3494880013;0;0
HRV;2005;Croatia;rgdpna;64204,33984375;0;0
HRV;2006;Croatia;rgdpna;67372,8579993713;0;0
HRV;2007;Croatia;rgdpna;70781,8720627539;0;0
HRV;2008;Croatia;rgdpna;72257,1707511719;0;0
HRV;2009;Croatia;rgdpna;67237,3357403373;0;0
HRV;2010;Croatia;rgdpna;66292,6369940189;0;0
HRV;2011;Croatia;rgdpna;66283,9954381111;0;0
HUN;1997;Hungary;rgdpna;117543,512156116;0;0
HUN;1998;Hungary;rgdpna;122331,601170801;0;0
HUN;1999;Hungary;rgdpna;126243,397695876;0;0
HUN;2000;Hungary;rgdpna;131577,478475941;0;0
HUN;2001;Hungary;rgdpna;136461,900010873;0;0
HUN;2002;Hungary;rgdpna;142611,022066838;0;0
HUN;2003;Hungary;rgdpna;148102,151603759;0;0
HUN;2004;Hungary;rgdpna;155206,889329186;0;0
HUN;2005;Hungary;rgdpna;161359,961421547;0;0
HUN;2006;Hungary;rgdpna;167648,419362445;0;0
HUN;2007;Hungary;rgdpna;167840,710651813;0;0
HUN;2008;Hungary;rgdpna;169341,460657603;0;0
HUN;2009;Hungary;rgdpna;157884,156575971;0;0
HUN;2010;Hungary;rgdpna;159964,08158424;0;0
HUN;2011;Hungary;rgdpna;162597,019016268;0;0
IDN;1998;Indonesia;rgdpna;544060,421700289;0;0
IDN;1999;Indonesia;rgdpna;548363,757138091;0;0
IDN;2000;Indonesia;rgdpna;575344,528366349;0;0
IDN;2001;Indonesia;rgdpna;596307,013213267;0;0
IDN;2002;Indonesia;rgdpna;623137,700526752;0;0
IDN;2003;Indonesia;rgdpna;652925,982748253;0;0
IDN;2004;Indonesia;rgdpna;685773,865894587;0;0
IDN;2005;Indonesia;rgdpna;724812,0321937;0;0
IDN;2006;Indonesia;rgdpna;764683,592618023;0;0
IDN;2007;Indonesia;rgdpna;813202,936545856;0;0
IDN;2008;Indonesia;rgdpna;862106,550800554;0;0
IDN;2009;Indonesia;rgdpna;902012,368273123;0;0
IDN;2010;Indonesia;rgdpna;957895,268517752;0;0
IDN;2011;Indonesia;rgdpna;1019746,36759476;0;0
IND;1997;India;rgdpna;1709928,50006708;1;0
IND;1998;India;rgdpna;1812308,30083181;1;0
IND;1999;India;rgdpna;1941502,73507032;1;0
IND;2000;India;rgdpna;2019753,35718567;1;0
IND;2001;India;rgdpna;2125121,8750873;1;0
IND;2002;India;rgdpna;2205170,23196835;1;0
IND;2003;India;rgdpna;2389762,34006275;1;0
IND;2004;India;rgdpna;2588024,9335753;1;0
IND;2005;India;rgdpna;2828319,74408501;1;0
IND;2006;India;rgdpna;3090334,28844711;1;0
IND;2007;India;rgdpna;3393229,08766686;1;0
IND;2008;India;rgdpna;3525258,1745001;1;0
IND;2009;India;rgdpna;3815677,06726884;1;0
IND;2010;India;rgdpna;4180183,71494832;0;0
IND;2011;India;rgdpna;4466773,90651715;0;1
IRL;1997;Ireland;rgdpna;106533,980895417;0;0
IRL;1998;Ireland;rgdpna;115899,996932687;0;0
IRL;1999;Ireland;rgdpna;128708,528370222;0;0
IRL;2000;Ireland;rgdpna;142530,821239421;0;0
IRL;2001;Ireland;rgdpna;150079,426560207;0;0
IRL;2002;Ireland;rgdpna;158539,704924925;0;0
IRL;2003;Ireland;rgdpna;164698,24626857;0;0
IRL;2004;Ireland;rgdpna;171883,606860914;0;0
IRL;2005;Ireland;rgdpna;181984,421875;0;0
IRL;2006;Ireland;rgdpna;191819,332251272;0;0
IRL;2007;Ireland;rgdpna;202264,398805384;0;0
IRL;2008;Ireland;rgdpna;197999,240931884;0;0
IRL;2009;Ireland;rgdpna;187195,677946434;0;0
IRL;2010;Ireland;rgdpna;185761,692221083;0;0
IRL;2011;Ireland;rgdpna;188419,551524942;0;0
IRN;1997;Iran;rgdpna;482467,943934869;0;0
IRN;1998;Iran;rgdpna;497895,66935961;0;0
IRN;1999;Iran;rgdpna;517780,002339752;0;0
IRN;2000;Iran;rgdpna;534862,123951506;0;0
IRN;2001;Iran;rgdpna;549342,745773235;0;0
IRN;2002;Iran;rgdpna;592884,563343816;0;0
IRN;2003;Iran;rgdpna;639669,737924046;0;0
IRN;2004;Iran;rgdpna;672216,01653356;0;0
IRN;2005;Iran;rgdpna;707534,310964274;0;0
IRN;2006;Iran;rgdpna;750726,538376243;0;0
IRN;2007;Iran;rgdpna;812821,985695038;0;0
IRN;2008;Iran;rgdpna;817504,394320838;0;0
IRN;2009;Iran;rgdpna;849796,58142291;0;0
IRN;2010;Iran;rgdpna;899922,089430898;0;0
IRN;2011;Iran;rgdpna;917720,866008645;0;0
IRQ;2009;Iraq;rgdpna;118214,393953098;1;0
IRQ;2010;Iraq;rgdpna;125138,432966761;1;0
IRQ;2011;Iraq;rgdpna;135877,37962582;1;0
ISL;1997;Iceland;rgdpna;6619,237237789;0;0
ISL;1998;Iceland;rgdpna;7037,3608941234;0;0
ISL;1999;Iceland;rgdpna;7325,4817570419;0;0
ISL;2000;Iceland;rgdpna;7642,283996814;0;0
ISL;2001;Iceland;rgdpna;7941,9839551865;0;0
ISL;2002;Iceland;rgdpna;7953,0201589421;0;0
ISL;2003;Iceland;rgdpna;8146,6295082339;0;0
ISL;2004;Iceland;rgdpna;8784,9831755033;0;0
ISL;2005;Iceland;rgdpna;9420,1357864072;0;0
ISL;2006;Iceland;rgdpna;9863,7272282383;0;0
ISL;2007;Iceland;rgdpna;10454,0713234797;0;0
ISL;2008;Iceland;rgdpna;10578,2723185161;0;0
ISL;2009;Iceland;rgdpna;9882,2670429999;0;0
ISL;2010;Iceland;rgdpna;9485,7933924041;0;0
ISL;2011;Iceland;rgdpna;9728,288447181;0;0
ITA;1997;Italy;rgdpna;1488984,50422366;0;0
ITA;1998;Italy;rgdpna;1510547,45935941;0;0
ITA;1999;Italy;rgdpna;1532466,90368165;0;0
ITA;2000;Italy;rgdpna;1588457,05426361;0;0
ITA;2001;Italy;rgdpna;1618044,09138628;0;0
ITA;2002;Italy;rgdpna;1625348,52900125;0;0
ITA;2003;Italy;rgdpna;1624591,46927859;0;0
ITA;2004;Italy;rgdpna;1652707,70974177;0;0
ITA;2005;Italy;rgdpna;1668098,83349784;0;0
ITA;2006;Italy;rgdpna;1704779,05581562;0;0
ITA;2007;Italy;rgdpna;1733471,55690084;0;0
ITA;2008;Italy;rgdpna;1713428,61295609;0;0
ITA;2009;Italy;rgdpna;1619285,86590374;0;0
ITA;2010;Italy;rgdpna;1648617,63935429;0;0
ITA;2011;Italy;rgdpna;1655803,6302134;0;1
JAM;2000;Jamaica;rgdpna;10845,1421575607;0;0
JAM;2001;Jamaica;rgdpna;10984,0502391392;0;0
JAM;2002;Jamaica;rgdpna;11058,1798984557;0;0
JAM;2003;Jamaica;rgdpna;11463,6079689216;0;0
JAM;2004;Jamaica;rgdpna;11615,3545913574;0;0
JAM;2005;Jamaica;rgdpna;11719,1723765883;0;0
JAM;2006;Jamaica;rgdpna;12055,8068434647;0;0
JAM;2007;Jamaica;rgdpna;12228,6282510187;0;0
JAM;2008;Jamaica;rgdpna;12131,7383663834;0;0
JAM;2009;Jamaica;rgdpna;11757,8049444403;0;0
JAM;2010;Jamaica;rgdpna;11588,768221701;0;0
JAM;2011;Jamaica;rgdpna;11763,5728143627;0;0
JOR;1997;Jordan;rgdpna;15679,1882392378;0;0
JOR;1998;Jordan;rgdpna;16151,4604267003;0;0
JOR;1999;Jordan;rgdpna;16698,9347449262;0;0
JOR;2000;Jordan;rgdpna;17407,9172103881;0;0
JOR;2001;Jordan;rgdpna;18325,2986077404;0;0
JOR;2002;Jordan;rgdpna;19385,1913588679;0;0
JOR;2003;Jordan;rgdpna;20191,9519993679;0;0
JOR;2004;Jordan;rgdpna;21921,8382797123;0;0
JOR;2005;Jordan;rgdpna;23707,7199412882;0;0
JOR;2006;Jordan;rgdpna;25626,3765932036;0;0
JOR;2007;Jordan;rgdpna;27721,620539298;0;0
JOR;2008;Jordan;rgdpna;29723,2418496876;0;0
JOR;2009;Jordan;rgdpna;31354,5465294339;0;0
JOR;2010;Jordan;rgdpna;32079,2566880923;0;0
JOR;2011;Jordan;rgdpna;32909,8833077075;0;0
JPN;1997;Japan;rgdpna;3738404,46717119;0;0
JPN;1998;Japan;rgdpna;3663518,69906737;0;0
JPN;1999;Japan;rgdpna;3656215,93911402;0;0
JPN;2000;Japan;rgdpna;3738754,84217703;0;0
JPN;2001;Japan;rgdpna;3752044,68425278;0;0
JPN;2002;Japan;rgdpna;3762908,67151276;0;0
JPN;2003;Japan;rgdpna;3826317,88661603;0;0
JPN;2004;Japan;rgdpna;3916646,92520232;0;0
JPN;2005;Japan;rgdpna;3967670,18700898;0;0
JPN;2006;Japan;rgdpna;4034839,04402894;0;0
JPN;2007;Japan;rgdpna;4123290,2300558;0;0
JPN;2008;Japan;rgdpna;4080340,55321535;0;0
JPN;2009;Japan;rgdpna;3854821,09018165;0;0
JPN;2010;Japan;rgdpna;4025786,77112505;0;0
JPN;2011;Japan;rgdpna;3995686,80236424;0;1
KAZ;2000;Kazakhstan;rgdpna;81593,6284616086;0;0
KAZ;2001;Kazakhstan;rgdpna;92647,2061319699;0;0
KAZ;2002;Kazakhstan;rgdpna;101680,390052113;0;0
KAZ;2003;Kazakhstan;rgdpna;111166,842697159;0;0
KAZ;2004;Kazakhstan;rgdpna;121823,581815546;0;0
KAZ;2005;Kazakhstan;rgdpna;133639,375;0;0
KAZ;2006;Kazakhstan;rgdpna;147776,993170522;0;0
KAZ;2007;Kazakhstan;rgdpna;160625,486134972;0;0
KAZ;2008;Kazakhstan;rgdpna;165902,561703329;0;0
KAZ;2009;Kazakhstan;rgdpna;167910,377255897;0;0
KAZ;2010;Kazakhstan;rgdpna;180088,752668041;0;0
KAZ;2011;Kazakhstan;rgdpna;193592,846948904;0;0
KEN;1997;Kenya;rgdpna;32547,0722840715;0;0
KEN;1998;Kenya;rgdpna;33639,2437990293;0;0
KEN;1999;Kenya;rgdpna;34347,2358128028;0;0
KEN;2000;Kenya;rgdpna;34518,1607072225;0;0
KEN;2001;Kenya;rgdpna;36060,1416328918;0;0
KEN;2002;Kenya;rgdpna;36266,3230588205;0;0
KEN;2003;Kenya;rgdpna;37319,9522238541;0;0
KEN;2004;Kenya;rgdpna;39224,6188220929;0;0
KEN;2005;Kenya;rgdpna;41543,693852655;0;0
KEN;2006;Kenya;rgdpna;44171,6823408463;0;0
KEN;2007;Kenya;rgdpna;47260,6282791806;0;0
KEN;2008;Kenya;rgdpna;47982,4145895498;0;0
KEN;2009;Kenya;rgdpna;49294,8066745507;0;0
KEN;2010;Kenya;rgdpna;52136,2901705511;0;0
KEN;2011;Kenya;rgdpna;54418,0489505415;0;0
KGZ;2003;Kyrgyzstan;rgdpna;10469,4771684258;0;0
KGZ;2004;Kyrgyzstan;rgdpna;11205,1439448575;0;0
KGZ;2005;Kyrgyzstan;rgdpna;11185,4771926314;0;0
KGZ;2006;Kyrgyzstan;rgdpna;11532,5512229311;0;0
KGZ;2007;Kyrgyzstan;rgdpna;12517,7626285302;0;0
KGZ;2008;Kyrgyzstan;rgdpna;13569,4569881163;0;0
KGZ;2009;Kyrgyzstan;rgdpna;13961,1114882089;0;0
KGZ;2010;Kyrgyzstan;rgdpna;13895,2755485936;0;0
KGZ;2011;Kyrgyzstan;rgdpna;14684,9448576143;0;0
KHM;2005;Cambodia;rgdpna;19740,0601011313;0;0
KHM;2006;Cambodia;rgdpna;21866,279180582;0;0
KHM;2007;Cambodia;rgdpna;24099,3886436323;0;0
KHM;2008;Cambodia;rgdpna;25712,0179056273;0;0
KHM;2009;Cambodia;rgdpna;25734,3094433473;0;0
KHM;2010;Cambodia;rgdpna;27268,8665362439;0;0
KHM;2011;Cambodia;rgdpna;29196,6581295382;0;0
KNA;2004;Saint Kitts and Nevis;rgdpna;511,2179317606;0;0
KNA;2005;Saint Kitts and Nevis;rgdpna;561,7542724609;0;0
KNA;2006;Saint Kitts and Nevis;rgdpna;588,0979048309;0;0
KNA;2007;Saint Kitts and Nevis;rgdpna;600,6645574999;0;0
KNA;2008;Saint Kitts and Nevis;rgdpna;632,0500664774;0;0
KNA;2009;Saint Kitts and Nevis;rgdpna;589,2010314686;0;0
KNA;2010;Saint Kitts and Nevis;rgdpna;574,8154301744;0;0
KNA;2011;Saint Kitts and Nevis;rgdpna;574,528409764;0;0
KOR;1997;Republic of Korea;rgdpna;810350,313089758;0;0
KOR;1998;Republic of Korea;rgdpna;764047,77256385;0;0
KOR;1999;Republic of Korea;rgdpna;846034,652155704;0;0
KOR;2000;Republic of Korea;rgdpna;920466,879514514;0;0
KOR;2001;Republic of Korea;rgdpna;957041,302933469;0;0
KOR;2002;Republic of Korea;rgdpna;1025469,93319575;0;0
KOR;2003;Republic of Korea;rgdpna;1054211,56130336;0;0
KOR;2004;Republic of Korea;rgdpna;1102905,94678561;0;0
KOR;2005;Republic of Korea;rgdpna;1146549,63030049;0;0
KOR;2006;Republic of Korea;rgdpna;1205925,69057977;0;0
KOR;2007;Republic of Korea;rgdpna;1267498,27285332;0;0
KOR;2008;Republic of Korea;rgdpna;1296630,14934855;0;0
KOR;2009;Republic of Korea;rgdpna;1300772,87781782;0;0
KOR;2010;Republic of Korea;rgdpna;1382985,02812578;0;0
KOR;2011;Republic of Korea;rgdpna;1433243,71996315;0;0
KWT;1997;Kuwait;rgdpna;81997,3275131393;0;0
KWT;1998;Kuwait;rgdpna;84996,5125717443;0;0
KWT;1999;Kuwait;rgdpna;83477,3175236701;0;0
KWT;2000;Kuwait;rgdpna;87388,0196126302;0;0
KWT;2001;Kuwait;rgdpna;87576,8442012487;0;0
KWT;2002;Kuwait;rgdpna;90220,3884419073;0;0
KWT;2003;Kuwait;rgdpna;105847,511395972;0;0
KWT;2004;Kuwait;rgdpna;116686,042782673;0;0
KWT;2005;Kuwait;rgdpna;129065,3828125;0;0
KWT;2006;Kuwait;rgdpna;139496,053087785;0;0
KWT;2007;Kuwait;rgdpna;148499,209473113;0;0
KWT;2008;Kuwait;rgdpna;154722,867913978;0;0
KWT;2009;Kuwait;rgdpna;142615,435291762;0;0
KWT;2010;Kuwait;rgdpna;153922,251658236;0;0
KWT;2011;Kuwait;rgdpna;166540,797592377;0;0
LAO;1997;Laos;rgdpna;7017,9422617216;0;0
LAO;1998;Laos;rgdpna;7296,3867067197;0;0
LAO;1999;Laos;rgdpna;7829,488159311;0;0
LAO;2000;Laos;rgdpna;8283,5031349305;0;0
LAO;2001;Laos;rgdpna;8759,9216012772;0;0
LAO;2002;Laos;rgdpna;9278,398907599;0;0
LAO;2003;Laos;rgdpna;9854,5686314741;0;0
LAO;2004;Laos;rgdpna;10546,4861020706;0;0
LAO;2005;Laos;rgdpna;11260,1302346794;0;0
LAO;2006;Laos;rgdpna;12233,518796536;0;0
LAO;2007;Laos;rgdpna;13192,9325334231;0;0
LAO;2008;Laos;rgdpna;14219,9626417842;0;0
LAO;2009;Laos;rgdpna;15286,7373635593;0;0
LAO;2010;Laos;rgdpna;16529,7077582644;0;0
LAO;2011;Laos;rgdpna;17858,7770679158;0;0
LBN;2008;Lebanon;rgdpna;46736,1580015568;0;0
LBN;2009;Lebanon;rgdpna;50942,4122216967;0;0
LBN;2010;Lebanon;rgdpna;54508,3810772163;0;0
LBN;2011;Lebanon;rgdpna;55326,0067933736;0;0
LBR;2006;Liberia;rgdpna;1241,0687076307;0;0
LBR;2007;Liberia;rgdpna;1347,8409476599;0;0
LBR;2008;Liberia;rgdpna;1456,3362342553;0;0
LBR;2009;Liberia;rgdpna;1569,281155232;0;0
LBR;2010;Liberia;rgdpna;1683,229609999;0;0
LBR;2011;Liberia;rgdpna;1822,0013338506;0;0
LCA;1997;Saint Lucia;rgdpna;1063,5082789403;0;0
LCA;1998;Saint Lucia;rgdpna;1131,1910056364;0;0
LCA;1999;Saint Lucia;rgdpna;1156,9984322841;0;0
LCA;2000;Saint Lucia;rgdpna;1152,8061203938;0;0
LCA;2001;Saint Lucia;rgdpna;1089,9054988828;0;0
LCA;2002;Saint Lucia;rgdpna;1121,14858496;0;0
LCA;2003;Saint Lucia;rgdpna;1169,4956670334;0;0
LCA;2004;Saint Lucia;rgdpna;1199,1287777231;0;0
LCA;2005;Saint Lucia;rgdpna;1301,3143919977;0;0
LCA;2006;Saint Lucia;rgdpna;1350,2193863604;0;0
LCA;2007;Saint Lucia;rgdpna;1370,4140625325;0;0
LCA;2008;Saint Lucia;rgdpna;1443,3497506266;0;0
LCA;2009;Saint Lucia;rgdpna;1445,2848701318;0;0
LCA;2010;Saint Lucia;rgdpna;1451,1009548923;0;0
LCA;2011;Saint Lucia;rgdpna;1469,6307571076;0;0
LKA;1997;Sri Lanka;rgdpna;48405,2570776612;0;0
LKA;1998;Sri Lanka;rgdpna;50704,193629033;0;0
LKA;1999;Sri Lanka;rgdpna;52871,6056433056;0;0
LKA;2000;Sri Lanka;rgdpna;56032,8714461977;0;0
LKA;2001;Sri Lanka;rgdpna;55265,5635641073;0;0
LKA;2002;Sri Lanka;rgdpna;57487,3681568608;0;0
LKA;2003;Sri Lanka;rgdpna;60902,235285226;0;0
LKA;2004;Sri Lanka;rgdpna;64218,3993167483;0;0
LKA;2005;Sri Lanka;rgdpna;68226,75;0;0
LKA;2006;Sri Lanka;rgdpna;73458,5763432631;0;0
LKA;2007;Sri Lanka;rgdpna;78451,4280472851;0;0
LKA;2008;Sri Lanka;rgdpna;83119,3571680012;0;0
LKA;2009;Sri Lanka;rgdpna;86064,0405516692;0;0
LKA;2010;Sri Lanka;rgdpna;92955,6179733848;0;0
LKA;2011;Sri Lanka;rgdpna;100630,565577021;0;0
LSO;1997;Lesotho;rgdpna;2093,3207752608;0;0
LSO;1998;Lesotho;rgdpna;2137,2455977062;0;0
LSO;1999;Lesotho;rgdpna;2200,8277880731;0;0
LSO;2000;Lesotho;rgdpna;2313,9335073367;0;0
LSO;2001;Lesotho;rgdpna;2411,7944796465;0;0
LSO;2002;Lesotho;rgdpna;2424,6342797998;0;0
LSO;2003;Lesotho;rgdpna;2538,3776459376;0;0
LSO;2004;Lesotho;rgdpna;2596,597563282;0;0
LSO;2005;Lesotho;rgdpna;2666,7753331822;0;0
LSO;2006;Lesotho;rgdpna;2781,6452026534;0;0
LSO;2007;Lesotho;rgdpna;2913,3134136405;0;0
LSO;2008;Lesotho;rgdpna;3070,4901210536;0;0
LSO;2009;Lesotho;rgdpna;3158,3824149781;0;0
LSO;2010;Lesotho;rgdpna;3335,5268367694;0;0
LSO;2011;Lesotho;rgdpna;3475,5608277843;0;0
LTU;1998;Lithuania;rgdpna;31434,5684068738;0;0
LTU;1999;Lithuania;rgdpna;31113,4661108346;0;0
LTU;2000;Lithuania;rgdpna;32240,2016423964;0;0
LTU;2001;Lithuania;rgdpna;34400,16844938;0;0
LTU;2002;Lithuania;rgdpna;36752,4518862248;0;0
LTU;2003;Lithuania;rgdpna;40529,0894911153;0;0
LTU;2004;Lithuania;rgdpna;43515,7659858497;0;0
LTU;2005;Lithuania;rgdpna;46906,0694427527;0;0
LTU;2006;Lithuania;rgdpna;50568,8481408112;0;0
LTU;2007;Lithuania;rgdpna;55522,8099904245;0;0
LTU;2008;Lithuania;rgdpna;57139,8373614182;0;0
LTU;2009;Lithuania;rgdpna;48656,2492406431;0;0
LTU;2010;Lithuania;rgdpna;49396,2056595344;0;0
LTU;2011;Lithuania;rgdpna;52293,7043012752;0;0
LUX;1997;Luxembourg;rgdpna;17881,1355549629;0;0
LUX;1998;Luxembourg;rgdpna;19041,6045937216;0;0
LUX;1999;Luxembourg;rgdpna;20644,4258399744;0;0
LUX;2000;Luxembourg;rgdpna;22387,5545746886;0;0
LUX;2001;Luxembourg;rgdpna;22951,0774227522;0;0
LUX;2002;Luxembourg;rgdpna;23893,1923814161;0;0
LUX;2003;Luxembourg;rgdpna;24263,0538563424;0;0
LUX;2004;Luxembourg;rgdpna;25330,2197380978;0;0
LUX;2005;Luxembourg;rgdpna;26705,603515625;0;0
LUX;2006;Luxembourg;rgdpna;28033,4538322592;0;0
LUX;2007;Luxembourg;rgdpna;29894,4902426951;0;0
LUX;2008;Luxembourg;rgdpna;30119,8111936814;0;0
LUX;2009;Luxembourg;rgdpna;28523,7804418419;0;0
LUX;2010;Luxembourg;rgdpna;29287,666969217;0;0
LUX;2011;Luxembourg;rgdpna;29742,3655301897;0;0
LVA;1997;Latvia;rgdpna;16694,9471702733;0;0
LVA;1998;Latvia;rgdpna;17602,4634335042;0;0
LVA;1999;Latvia;rgdpna;18137,7255040056;0;0
LVA;2000;Latvia;rgdpna;19180,4594047686;0;0
LVA;2001;Latvia;rgdpna;20590,0057682097;0;0
LVA;2002;Latvia;rgdpna;22077,5258600101;0;0
LVA;2003;Latvia;rgdpna;23755,3844917241;0;0
LVA;2004;Latvia;rgdpna;25859,4835080223;0;0
LVA;2005;Latvia;rgdpna;28477,2647595063;0;0
LVA;2006;Latvia;rgdpna;31653,6936926989;0;0
LVA;2007;Latvia;rgdpna;34692,5867625529;0;0
LVA;2008;Latvia;rgdpna;33556,2494110184;0;0
LVA;2009;Latvia;rgdpna;27606,9905905059;0;0
LVA;2010;Latvia;rgdpna;27347,0402033882;0;0
LVA;2011;Latvia;rgdpna;28844,9475736275;0;0
MAR;1997;Morocco;rgdpna;63550,1345182645;0;0
MAR;1998;Morocco;rgdpna;68427,5460678007;0;0
MAR;1999;Morocco;rgdpna;68789,8132120648;0;0
MAR;2000;Morocco;rgdpna;69885,33753924;0;0
MAR;2001;Morocco;rgdpna;75163,0446773232;0;0
MAR;2002;Morocco;rgdpna;77655,4782335111;0;0
MAR;2003;Morocco;rgdpna;82560,9492051783;0;0
MAR;2004;Morocco;rgdpna;86525,4156930223;0;0
MAR;2005;Morocco;rgdpna;89102,5859375;0;0
MAR;2006;Morocco;rgdpna;96016,814872743;0;0
MAR;2007;Morocco;rgdpna;98614,8555769833;0;0
MAR;2008;Morocco;rgdpna;104124,478174152;0;0
MAR;2009;Morocco;rgdpna;109079,082183567;0;0
MAR;2010;Morocco;rgdpna;113090,901526631;0;0
MAR;2011;Morocco;rgdpna;117727,628489223;0;0
MDA;1997;Moldova;rgdpna;8577,0937418995;0;0
MDA;1998;Moldova;rgdpna;8015,9653645182;0;0
MDA;1999;Moldova;rgdpna;7745,9681129119;0;0
MDA;2000;Moldova;rgdpna;7909,2315212852;0;0
MDA;2001;Moldova;rgdpna;8394,9709743131;0;0
MDA;2002;Moldova;rgdpna;9050,587551113;0;0
MDA;2003;Moldova;rgdpna;9650,0406766267;0;0
MDA;2004;Moldova;rgdpna;10360,6000989879;0;0
MDA;2005;Moldova;rgdpna;11137,7895986552;0;0
MDA;2006;Moldova;rgdpna;11670,6941000848;0;0
MDA;2007;Moldova;rgdpna;12020,6315974873;0;0
MDA;2008;Moldova;rgdpna;12962,7590320552;0;0
MDA;2009;Moldova;rgdpna;12186,3432362384;0;0
MDA;2010;Moldova;rgdpna;13050,8510514583;0;0
MDA;2011;Moldova;rgdpna;13887,9783337568;0;0
MDG;2004;Madagascar;rgdpna;13572,6016838707;0;0
MDG;2005;Madagascar;rgdpna;14197,3349609375;0;0
MDG;2006;Madagascar;rgdpna;14910,4113008291;0;0
MDG;2007;Madagascar;rgdpna;15840,9205810648;0;0
MDG;2008;Madagascar;rgdpna;16970,1151185;0;0
MDG;2009;Madagascar;rgdpna;16269,2480733872;0;0
MDG;2010;Madagascar;rgdpna;16336,5721694388;0;0
MDG;2011;Madagascar;rgdpna;16600,6001309209;0;0
MDV;1997;Maldives;rgdpna;1661,7667781452;0;0
MDV;1998;Maldives;rgdpna;1816,4283969285;0;0
MDV;1999;Maldives;rgdpna;1957,7058370197;0;0
MDV;2000;Maldives;rgdpna;2043,4637218288;0;0
MDV;2001;Maldives;rgdpna;1998,6476026738;0;0
MDV;2002;Maldives;rgdpna;2120,5132025619;0;0
MDV;2003;Maldives;rgdpna;2420,6478077429;0;0
MDV;2004;Maldives;rgdpna;2722,7733555785;0;0
MDV;2005;Maldives;rgdpna;2486,6276473163;0;0
MDV;2006;Maldives;rgdpna;2973,6122206316;0;0
MDV;2007;Maldives;rgdpna;3287,5042395559;0;0
MDV;2008;Maldives;rgdpna;3688,5199090455;0;0
MDV;2009;Maldives;rgdpna;3513,6952345451;0;0
MDV;2010;Maldives;rgdpna;3714,7605332332;0;0
MDV;2011;Maldives;rgdpna;3992,1187544456;0;0
MEX;1997;Mexico;rgdpna;996307,289292233;0;0
MEX;1998;Mexico;rgdpna;1046425,29618733;0;0
MEX;1999;Mexico;rgdpna;1085737,91582466;0;0
MEX;2000;Mexico;rgdpna;1157298,62543912;0;0
MEX;2001;Mexico;rgdpna;1156918,72934941;0;0
MEX;2002;Mexico;rgdpna;1165849,53376194;0;0
MEX;2003;Mexico;rgdpna;1182057,91638745;0;0
MEX;2004;Mexico;rgdpna;1230162,63889703;0;0
MEX;2005;Mexico;rgdpna;1270454,875;0;0
MEX;2006;Mexico;rgdpna;1334724,30115109;0;0
MEX;2007;Mexico;rgdpna;1379617,11162766;0;0
MEX;2008;Mexico;rgdpna;1396417,90870088;0;0
MEX;2009;Mexico;rgdpna;1312668,51905981;0;0
MEX;2010;Mexico;rgdpna;1382550,1622634;0;0
MEX;2011;Mexico;rgdpna;1436714,85063089;0;0
MKD;1997;Macedonia;rgdpna;11702,3213537771;0;0
MKD;1998;Macedonia;rgdpna;12097,7695993182;0;0
MKD;1999;Macedonia;rgdpna;12622,680595167;0;0
MKD;2000;Macedonia;rgdpna;13196,9728634863;0;0
MKD;2001;Macedonia;rgdpna;12599,6840532209;0;0
MKD;2002;Macedonia;rgdpna;12707,6258682339;0;0
MKD;2003;Macedonia;rgdpna;13065,5666189649;0;0
MKD;2004;Macedonia;rgdpna;13670,2249954309;0;0
MKD;2005;Macedonia;rgdpna;14265,1357779649;0;0
MKD;2006;Macedonia;rgdpna;14982,7378726208;0;0
MKD;2007;Macedonia;rgdpna;15904,0532115588;0;0
MKD;2008;Macedonia;rgdpna;16691,5341408359;0;0
MKD;2009;Macedonia;rgdpna;16537,9257571983;0;0
MKD;2010;Macedonia;rgdpna;16831,0852498944;0;0
MKD;2011;Macedonia;rgdpna;17341,2992466726;0;0
MLI;1997;Mali;rgdpna;7023,1846379289;0;0
MLI;1998;Mali;rgdpna;7590,3850882522;0;0
MLI;1999;Mali;rgdpna;8023,1082743357;0;0
MLI;2000;Mali;rgdpna;7760,2927546499;0;0
MLI;2001;Mali;rgdpna;8680,2240074201;0;0
MLI;2002;Mali;rgdpna;9054,836215507;0;0
MLI;2003;Mali;rgdpna;9744,6072361604;0;0
MLI;2004;Mali;rgdpna;9963,9574745318;0;0
MLI;2005;Mali;rgdpna;10575,0339022309;0;0
MLI;2006;Mali;rgdpna;11130,3665864762;0;0
MLI;2007;Mali;rgdpna;11608,6563443264;0;0
MLI;2008;Mali;rgdpna;12186,6703925427;0;0
MLI;2009;Mali;rgdpna;12730,5378992132;0;0
MLI;2010;Mali;rgdpna;13470,8065849117;0;0
MLI;2011;Mali;rgdpna;13831,59503266;0;0
MLT;1997;Malta;rgdpna;6386,010712019;0;0
MLT;1998;Malta;rgdpna;6713,3322777756;0;0
MLT;1999;Malta;rgdpna;7030,1997249926;0;0
MLT;2000;Malta;rgdpna;7384,1166317603;0;0
MLT;2001;Malta;rgdpna;7269,765736247;0;0
MLT;2002;Malta;rgdpna;7474,0381533226;0;0
MLT;2003;Malta;rgdpna;7484,0336806254;0;0
MLT;2004;Malta;rgdpna;7446,2999723523;0;0
MLT;2005;Malta;rgdpna;7719,2536988437;0;0
MLT;2006;Malta;rgdpna;7941,0728405842;0;0
MLT;2007;Malta;rgdpna;8284,8734742536;0;0
MLT;2008;Malta;rgdpna;8625,9287233895;0;0
MLT;2009;Malta;rgdpna;8392,2955088786;0;0
MLT;2010;Malta;rgdpna;8584,8842190074;0;0
MLT;2011;Malta;rgdpna;8762,0200085231;0;0
MNE;2006;Montenegro;rgdpna;5973,9621290039;0;0
MNE;2007;Montenegro;rgdpna;6610,6719974701;0;0
MNE;2008;Montenegro;rgdpna;7068,3023552323;0;0
MNE;2009;Montenegro;rgdpna;6668,4544009929;0;0
MNE;2010;Montenegro;rgdpna;6832,7471609155;0;0
MNE;2011;Montenegro;rgdpna;7003,5658395948;0;0
MNG;1997;Mongolia;rgdpna;5846,280349461;0;0
MNG;1998;Mongolia;rgdpna;6052,7947468968;0;0
MNG;1999;Mongolia;rgdpna;6247,43487939;0;0
MNG;2000;Mongolia;rgdpna;6313,4242502932;0;0
MNG;2001;Mongolia;rgdpna;6499,8411810168;0;0
MNG;2002;Mongolia;rgdpna;6807,4774259763;0;0
MNG;2003;Mongolia;rgdpna;7284,3182945039;0;0
MNG;2004;Mongolia;rgdpna;8058,3066139163;0;0
MNG;2005;Mongolia;rgdpna;8642,8280867504;0;0
MNG;2006;Mongolia;rgdpna;9382,3300226589;0;0
MNG;2007;Mongolia;rgdpna;10343,8321772958;0;0
MNG;2008;Mongolia;rgdpna;11264,4703766918;0;0
MNG;2009;Mongolia;rgdpna;11121,5687273732;0;0
MNG;2010;Mongolia;rgdpna;11829,4756549099;0;0
MNG;2011;Mongolia;rgdpna;13871,4712863441;0;0
MOZ;2000;Mozambique;rgdpna;8083,9696177916;0;0
MOZ;2001;Mozambique;rgdpna;9074,626232594;0;0
MOZ;2002;Mozambique;rgdpna;9912,4197713685;0;0
MOZ;2003;Mozambique;rgdpna;10555,4544922159;0;0
MOZ;2004;Mozambique;rgdpna;11387,6206485108;0;0
MOZ;2005;Mozambique;rgdpna;12342,7847593733;0;0
MOZ;2006;Mozambique;rgdpna;13414,4650633233;0;0
MOZ;2007;Mozambique;rgdpna;14391,2729359206;0;0
MOZ;2008;Mozambique;rgdpna;15374,3218088712;0;0
MOZ;2009;Mozambique;rgdpna;16348,1455827873;0;0
MOZ;2010;Mozambique;rgdpna;17455,2981633625;0;0
MOZ;2011;Mozambique;rgdpna;18702,4855390177;0;0
MRT;1998;Mauritania;rgdpna;4132,6412500862;0;0
MRT;1999;Mauritania;rgdpna;4408,3132945537;0;0
MRT;2000;Mauritania;rgdpna;4389,339638335;0;0
MRT;2001;Mauritania;rgdpna;4477,5125580014;0;0
MRT;2002;Mauritania;rgdpna;4507,2882026099;0;0
MRT;2003;Mauritania;rgdpna;4776,7453104879;0;0
MRT;2004;Mauritania;rgdpna;5051,2707728243;0;0
MRT;2005;Mauritania;rgdpna;5504,3544921875;0;0
MRT;2006;Mauritania;rgdpna;6542,9795757122;0;0
MRT;2007;Mauritania;rgdpna;6648,5978625759;0;0
MRT;2008;Mauritania;rgdpna;6599,7445965091;0;0
MRT;2009;Mauritania;rgdpna;6608,9351236857;0;0
MRT;2010;Mauritania;rgdpna;6979,3944617912;0;0
MRT;2011;Mauritania;rgdpna;7335,3435793426;0;0
MUS;1997;Mauritius;rgdpna;7503,2570029989;0;0
MUS;1998;Mauritius;rgdpna;7958,9427257714;0;0
MUS;1999;Mauritius;rgdpna;8166,6489983095;0;0
MUS;2000;Mauritius;rgdpna;8836,5530943865;0;0
MUS;2001;Mauritius;rgdpna;9132,3888346087;0;0
MUS;2002;Mauritius;rgdpna;9287,3610770263;0;0
MUS;2003;Mauritius;rgdpna;9829,6892760457;0;0
MUS;2004;Mauritius;rgdpna;10255,3403965974;0;0
MUS;2005;Mauritius;rgdpna;10437,708984375;0;0
MUS;2006;Mauritius;rgdpna;10945,5491410066;0;0
MUS;2007;Mauritius;rgdpna;11580,8158958111;0;0
MUS;2008;Mauritius;rgdpna;12218,9193294268;0;0
MUS;2009;Mauritius;rgdpna;12619,6375362177;0;0
MUS;2010;Mauritius;rgdpna;13140,3920463841;0;0
MUS;2011;Mauritius;rgdpna;13682,5709465187;0;0
MWI;1998;Malawi;rgdpna;6533,465162911;0;0
MWI;1999;Malawi;rgdpna;6614,6624111432;0;0
MWI;2000;Malawi;rgdpna;6718,9108157742;0;0
MWI;2001;Malawi;rgdpna;6384,6598279623;0;0
MWI;2002;Malawi;rgdpna;6567,1915438687;0;0
MWI;2003;Malawi;rgdpna;6318,6400042779;0;0
MWI;2004;Malawi;rgdpna;7318,1769000054;0;0
MWI;2005;Malawi;rgdpna;7557,3880388144;0;0
MWI;2006;Malawi;rgdpna;7910,0705794652;0;0
MWI;2007;Malawi;rgdpna;8670,9246064942;0;0
MWI;2008;Malawi;rgdpna;9393,7748141708;0;0
MWI;2009;Malawi;rgdpna;10233,9155820836;0;0
MWI;2010;Malawi;rgdpna;10917,4990977147;0;0
MWI;2011;Malawi;rgdpna;11413,1124973782;0;0
MYS;2000;Malaysia;rgdpna;215268,732721734;0;0
MYS;2001;Malaysia;rgdpna;216383,125812426;0;0
MYS;2002;Malaysia;rgdpna;228048,314841068;0;0
MYS;2003;Malaysia;rgdpna;241248,889905919;0;0
MYS;2004;Malaysia;rgdpna;257613,85814183;0;0
MYS;2005;Malaysia;rgdpna;271350,1875;0;0
MYS;2006;Malaysia;rgdpna;286504,680492956;0;0
MYS;2007;Malaysia;rgdpna;304550,996989048;0;0
MYS;2008;Malaysia;rgdpna;319266,200376832;0;0
MYS;2009;Malaysia;rgdpna;314434,014719944;0;0
MYS;2010;Malaysia;rgdpna;336928,138468398;0;0
MYS;2011;Malaysia;rgdpna;354057,937106427;0;0
NAM;1997;Namibia;rgdpna;6266,2464013552;0;0
NAM;1998;Namibia;rgdpna;6472,5991918665;0;0
NAM;1999;Namibia;rgdpna;6690,8745878496;0;0
NAM;2000;Namibia;rgdpna;6924,2825218411;0;0
NAM;2001;Namibia;rgdpna;7005,8470210298;0;0
NAM;2002;Namibia;rgdpna;7341,3333027659;0;0
NAM;2003;Namibia;rgdpna;7652,5907328618;0;0
NAM;2004;Namibia;rgdpna;8591,529033678;0;0
NAM;2005;Namibia;rgdpna;8808,8313644851;0;0
NAM;2006;Namibia;rgdpna;9431,9812530906;0;0
NAM;2007;Namibia;rgdpna;9938,7821911969;0;0
NAM;2008;Namibia;rgdpna;10362,3344330044;0;0
NAM;2009;Namibia;rgdpna;10288,0517442084;0;0
NAM;2010;Namibia;rgdpna;10967,0923131677;0;0
NAM;2011;Namibia;rgdpna;11363,3985222973;0;0
NER;1997;Niger;rgdpna;4979,0478164399;0;0
NER;1998;Niger;rgdpna;5611,9838754588;0;0
NER;1999;Niger;rgdpna;5667,7565374361;0;0
NER;2000;Niger;rgdpna;5521,3279335746;0;0
NER;2001;Niger;rgdpna;5936,4143572875;0;0
NER;2002;Niger;rgdpna;6249,6786132842;0;0
NER;2003;Niger;rgdpna;6462,1321781845;0;0
NER;2004;Niger;rgdpna;6409,044276077;0;0
NER;2005;Niger;rgdpna;6884,6557617188;0;0
NER;2006;Niger;rgdpna;7282,3289516699;0;0
NER;2007;Niger;rgdpna;7511,4764978048;0;0
NER;2008;Niger;rgdpna;8231,6523176217;0;0
NER;2009;Niger;rgdpna;8172,9838853668;0;0
NER;2010;Niger;rgdpna;8844,504853802;0;0
NER;2011;Niger;rgdpna;9046,1971623714;0;0
NGA;1999;Nigeria;rgdpna;123456,478503016;0;0
NGA;2000;Nigeria;rgdpna;130022,007642814;0;0
NGA;2001;Nigeria;rgdpna;139958,417015213;0;0
NGA;2002;Nigeria;rgdpna;169835,996951936;0;0
NGA;2003;Nigeria;rgdpna;187215,225277781;0;0
NGA;2004;Nigeria;rgdpna;206834,433786811;0;0
NGA;2005;Nigeria;rgdpna;220303,343418513;0;0
NGA;2006;Nigeria;rgdpna;233589,888511755;0;0
NGA;2007;Nigeria;rgdpna;248656,043073367;0;0
NGA;2008;Nigeria;rgdpna;264247,428592735;0;0
NGA;2009;Nigeria;rgdpna;282571,448410811;0;0
NGA;2010;Nigeria;rgdpna;304724,313501802;0;0
NGA;2011;Nigeria;rgdpna;327295,086682662;0;0
NLD;1997;Netherlands;rgdpna;489925,07432237;0;0
NLD;1998;Netherlands;rgdpna;509147,107653869;0;0
NLD;1999;Netherlands;rgdpna;532997,499667418;0;0
NLD;2000;Netherlands;rgdpna;554003,127532104;0;0
NLD;2001;Netherlands;rgdpna;564672,433331402;0;0
NLD;2002;Netherlands;rgdpna;565103,353457637;0;0
NLD;2003;Netherlands;rgdpna;566999,862890212;0;0
NLD;2004;Netherlands;rgdpna;579680,897407174;0;0
NLD;2005;Netherlands;rgdpna;591543,875;0;0
NLD;2006;Netherlands;rgdpna;611621,987619715;0;0
NLD;2007;Netherlands;rgdpna;635601,425232564;0;0
NLD;2008;Netherlands;rgdpna;647068,048484682;0;0
NLD;2009;Netherlands;rgdpna;623336,332334775;0;0
NLD;2010;Netherlands;rgdpna;633491,760122573;0;0
NLD;2011;Netherlands;rgdpna;639779,276509913;0;0
NOR;1997;Norway;rgdpna;225819,151900955;0;0
NOR;1998;Norway;rgdpna;231877,314712315;0;0
NOR;1999;Norway;rgdpna;236574,636251412;0;0
NOR;2000;Norway;rgdpna;244271,703529203;0;0
NOR;2001;Norway;rgdpna;249132,943321263;0;0
NOR;2002;Norway;rgdpna;252875,117788389;0;0
NOR;2003;Norway;rgdpna;255361,97596544;0;0
NOR;2004;Norway;rgdpna;265476,941748128;0;0
NOR;2005;Norway;rgdpna;272349,96875;0;0
NOR;2006;Norway;rgdpna;279027,795389565;0;0
NOR;2007;Norway;rgdpna;286430,393744732;0;0
NOR;2008;Norway;rgdpna;286530,913589425;0;0
NOR;2009;Norway;rgdpna;281754,065976795;0;0
NOR;2010;Norway;rgdpna;283660,189172824;0;0
NOR;2011;Norway;rgdpna;287764,679981952;0;0
NPL;1997;Nepal;rgdpna;20666,6980055482;0;0
NPL;1998;Nepal;rgdpna;21274,8247001318;0;0
NPL;1999;Nepal;rgdpna;22228,7272497784;0;0
NPL;2000;Nepal;rgdpna;23588,10428972;0;0
NPL;2001;Nepal;rgdpna;24915,761114699;0;0
NPL;2002;Nepal;rgdpna;24945,6135958599;0;0
NPL;2003;Nepal;rgdpna;25929,7861316745;0;0
NPL;2004;Nepal;rgdpna;27143,975138589;0;0
NPL;2005;Nepal;rgdpna;27991,6953125;0;0
NPL;2006;Nepal;rgdpna;29033,4283980011;0;0
NPL;2007;Nepal;rgdpna;30023,9213078989;0;0
NPL;2008;Nepal;rgdpna;31856,7733601194;0;0
NPL;2009;Nepal;rgdpna;33300,8659743107;0;0
NPL;2010;Nepal;rgdpna;34904,773761749;0;0
NPL;2011;Nepal;rgdpna;36260,4940025983;0;0
NZL;1997;New Zealand;rgdpna;77593,2536308839;0;0
NZL;1998;New Zealand;rgdpna;78609,921314503;0;0
NZL;1999;New Zealand;rgdpna;82633,2637437952;0;0
NZL;2000;New Zealand;rgdpna;84497,1544959462;0;0
NZL;2001;New Zealand;rgdpna;87523,1722345805;0;0
NZL;2002;New Zealand;rgdpna;91797,9735662308;0;0
NZL;2003;New Zealand;rgdpna;95370,2374116971;0;0
NZL;2004;New Zealand;rgdpna;98719,6699839888;0;0
NZL;2005;New Zealand;rgdpna;101895,015625;0;0
NZL;2006;New Zealand;rgdpna;103617,315672265;0;0
NZL;2007;New Zealand;rgdpna;107308,732351427;0;0
NZL;2008;New Zealand;rgdpna;105322,593886584;0;0
NZL;2009;New Zealand;rgdpna;106315,276259514;0;0
NZL;2010;New Zealand;rgdpna;106566,735161105;0;0
NZL;2011;New Zealand;rgdpna;107714,161473122;0;0
OMN;1997;Oman;rgdpna;43871,1736267963;0;0
OMN;1998;Oman;rgdpna;45057,7141006279;0;0
OMN;1999;Oman;rgdpna;44782,94352674;0;0
OMN;2000;Oman;rgdpna;46858,4588347103;0;0
OMN;2001;Oman;rgdpna;49469,9352384553;0;0
OMN;2002;Oman;rgdpna;50491,0830891005;0;0
OMN;2003;Oman;rgdpna;50668,9948607115;0;0
OMN;2004;Oman;rgdpna;52396,8096826502;0;0
OMN;2005;Oman;rgdpna;54487,2805493034;0;0
OMN;2006;Oman;rgdpna;57500,5094731568;0;0
OMN;2007;Oman;rgdpna;61367,8026688064;0;0
OMN;2008;Oman;rgdpna;69248,4582981548;0;0
OMN;2009;Oman;rgdpna;70026,4666395472;0;0
OMN;2010;Oman;rgdpna;75712,3348396825;0;0
OMN;2011;Oman;rgdpna;79863,1830910866;0;0
PAK;1997;Pakistan;rgdpna;251680,409124703;0;0
PAK;1998;Pakistan;rgdpna;258098,849230326;0;0
PAK;1999;Pakistan;rgdpna;267545,609722105;0;0
PAK;2000;Pakistan;rgdpna;278943,288165667;0;0
PAK;2001;Pakistan;rgdpna;284472,998357316;0;0
PAK;2002;Pakistan;rgdpna;293645,706236003;0;0
PAK;2003;Pakistan;rgdpna;307876,719574517;0;0
PAK;2004;Pakistan;rgdpna;330560,939817647;0;0
PAK;2005;Pakistan;rgdpna;355908,09375;0;0
PAK;2006;Pakistan;rgdpna;377894,465850075;0;0
PAK;2007;Pakistan;rgdpna;399370,647675901;0;0
PAK;2008;Pakistan;rgdpna;405744,526656564;0;0
PAK;2009;Pakistan;rgdpna;420332,483633649;0;0
PAK;2010;Pakistan;rgdpna;435240,858766681;0;0
PAK;2011;Pakistan;rgdpna;448105,994027454;0;0
PAN;1998;Panama;rgdpna;24804,0448278347;0;0
PAN;1999;Panama;rgdpna;25775,6704644305;0;0
PAN;2000;Panama;rgdpna;26475,5762069675;0;0
PAN;2001;Panama;rgdpna;26627,6182727948;0;0
PAN;2002;Panama;rgdpna;27221,1178528769;0;0
PAN;2003;Panama;rgdpna;28365,9736532943;0;0
PAN;2004;Panama;rgdpna;30499,684972193;0;0
PAN;2005;Panama;rgdpna;32692,5366964823;0;0
PAN;2006;Panama;rgdpna;35480,9835270291;0;0
PAN;2007;Panama;rgdpna;39778,6748762469;0;0
PAN;2008;Panama;rgdpna;43803,2493139558;0;0
PAN;2009;Panama;rgdpna;45492,4762474575;0;0
PAN;2010;Panama;rgdpna;48953,3541440212;0;0
PAN;2011;Panama;rgdpna;54142,8082989332;0;0
PER;1997;Peru;rgdpna;121310,464057484;0;0
PER;1998;Peru;rgdpna;120512,300605164;0;0
PER;1999;Peru;rgdpna;121613,940894348;0;0
PER;2000;Peru;rgdpna;125202,273253785;0;0
PER;2001;Peru;rgdpna;125471,326352579;0;0
PER;2002;Peru;rgdpna;131770,21677795;0;0
PER;2003;Peru;rgdpna;137083,559636605;0;0
PER;2004;Peru;rgdpna;143905,840018456;0;0
PER;2005;Peru;rgdpna;153729,843676558;0;0
PER;2006;Peru;rgdpna;165629,296534537;0;0
PER;2007;Peru;rgdpna;180318,167439344;0;0
PER;2008;Peru;rgdpna;197919,946018107;0;0
PER;2009;Peru;rgdpna;199602,659088655;0;0
PER;2010;Peru;rgdpna;217073,08882909;0;0
PER;2011;Peru;rgdpna;231983,767586363;0;0
PHL;1997;Philippines;rgdpna;195062,187509552;0;0
PHL;1998;Philippines;rgdpna;193937,220591482;0;0
PHL;1999;Philippines;rgdpna;199914,203714668;0;0
PHL;2000;Philippines;rgdpna;208732,86336989;0;0
PHL;2001;Philippines;rgdpna;214773,565426704;0;0
PHL;2002;Philippines;rgdpna;222604,001973255;0;0
PHL;2003;Philippines;rgdpna;233668,24160561;0;0
PHL;2004;Philippines;rgdpna;249318,460934775;0;0
PHL;2005;Philippines;rgdpna;261230,068810654;0;0
PHL;2006;Philippines;rgdpna;274926,257755709;0;0
PHL;2007;Philippines;rgdpna;293117,199762993;0;0
PHL;2008;Philippines;rgdpna;305289,644255452;0;0
PHL;2009;Philippines;rgdpna;308795,383683904;0;0
PHL;2010;Philippines;rgdpna;332363,45531001;0;0
PHL;2011;Philippines;rgdpna;344722,288086886;0;0
POL;1997;Poland;rgdpna;384641,047887789;0;0
POL;1998;Poland;rgdpna;403802,456907191;0;0
POL;1999;Poland;rgdpna;422071,282095762;0;0
POL;2000;Poland;rgdpna;440050,688884268;0;0
POL;2001;Poland;rgdpna;445354,626911535;0;0
POL;2002;Poland;rgdpna;451783,317328821;0;0
POL;2003;Poland;rgdpna;469254,498278273;0;0
POL;2004;Poland;rgdpna;494335,211651416;0;0
POL;2005;Poland;rgdpna;512215,5625;0;0
POL;2006;Poland;rgdpna;544113,717868023;0;0
POL;2007;Poland;rgdpna;581033,320475303;0;0
POL;2008;Poland;rgdpna;610820,278895814;0;0
POL;2009;Poland;rgdpna;620762,501601532;0;0
POL;2010;Poland;rgdpna;644793,572831724;0;0
POL;2011;Poland;rgdpna;672616,557504725;0;0
PRT;1997;Portugal;rgdpna;180436,199328055;0;0
PRT;1998;Portugal;rgdpna;189707,589414598;0;0
PRT;1999;Portugal;rgdpna;197434,669219414;0;0
PRT;2000;Portugal;rgdpna;205165,254836448;0;0
PRT;2001;Portugal;rgdpna;209217,164726072;0;0
PRT;2002;Portugal;rgdpna;210816,084775029;0;0
PRT;2003;Portugal;rgdpna;208895,304196736;0;0
PRT;2004;Portugal;rgdpna;212154,900525247;0;0
PRT;2005;Portugal;rgdpna;213799,261294097;0;0
PRT;2006;Portugal;rgdpna;216895,702515572;0;0
PRT;2007;Portugal;rgdpna;222025,919339881;0;0
PRT;2008;Portugal;rgdpna;222007,04188948;0;0
PRT;2009;Portugal;rgdpna;215550,279657713;0;0
PRT;2010;Portugal;rgdpna;218569,458171475;0;0
PRT;2011;Portugal;rgdpna;214921,930237226;0;0
PRY;1997;Paraguay;rgdpna;21251,6247111719;0;0
PRY;1998;Paraguay;rgdpna;21376,9291021575;0;0
PRY;1999;Paraguay;rgdpna;21057,0343628176;0;0
PRY;2000;Paraguay;rgdpna;20356,8039426035;0;0
PRY;2001;Paraguay;rgdpna;20774,2017139927;0;0
PRY;2002;Paraguay;rgdpna;20764,1139734337;0;0
PRY;2003;Paraguay;rgdpna;21561,3756915192;0;0
PRY;2004;Paraguay;rgdpna;22452,9975126941;0;0
PRY;2005;Paraguay;rgdpna;23094,8125;0;0
PRY;2006;Paraguay;rgdpna;24097,2535245627;0;0
PRY;2007;Paraguay;rgdpna;25726,540821301;0;0
PRY;2008;Paraguay;rgdpna;27225,5882082182;0;0
PRY;2009;Paraguay;rgdpna;26178,3265400846;0;0
PRY;2010;Paraguay;rgdpna;30117,0813770484;0;0
PRY;2011;Paraguay;rgdpna;31261,5304693762;0;0
QAT;1997;Qatar;rgdpna;43312,8931942833;0;0
QAT;1998;Qatar;rgdpna;48172,0161466255;0;0
QAT;1999;Qatar;rgdpna;50235,7363194349;0;0
QAT;2000;Qatar;rgdpna;54268,7242684299;0;0
QAT;2001;Qatar;rgdpna;56384,1991791154;0;0
QAT;2002;Qatar;rgdpna;60434,0074179201;0;0
QAT;2003;Qatar;rgdpna;62682,1038444131;0;0
QAT;2004;Qatar;rgdpna;74728,9096993655;0;0
QAT;2005;Qatar;rgdpna;80327,4074512611;0;0
QAT;2006;Qatar;rgdpna;101350,032515966;0;0
QAT;2007;Qatar;rgdpna;119578,930840801;0;0
QAT;2008;Qatar;rgdpna;140700,202956353;0;0
QAT;2009;Qatar;rgdpna;157523,188099785;0;0
QAT;2010;Qatar;rgdpna;183875,38310011;0;0
QAT;2011;Qatar;rgdpna;208667,144364056;0;0
ROU;1997;Romania;rgdpna;153405,374759264;0;0
ROU;1998;Romania;rgdpna;150176,780925696;0;0
ROU;1999;Romania;rgdpna;148309,016418667;0;0
ROU;2000;Romania;rgdpna;151882,881309313;0;0
ROU;2001;Romania;rgdpna;160508,093647727;0;0
ROU;2002;Romania;rgdpna;168657,128249084;0;0
ROU;2003;Romania;rgdpna;177489,203149126;0;0
ROU;2004;Romania;rgdpna;192558,474977602;0;0
ROU;2005;Romania;rgdpna;200556,723087981;0;0
ROU;2006;Romania;rgdpna;216350,107654847;0;0
ROU;2007;Romania;rgdpna;230017,29017169;0;0
ROU;2008;Romania;rgdpna;246920,755882959;0;0
ROU;2009;Romania;rgdpna;230683,263840177;0;0
ROU;2010;Romania;rgdpna;226879,280759941;0;0
ROU;2011;Romania;rgdpna;232447,690839085;0;0
RUS;1997;Russia;rgdpna;1132453,22040088;1;0
RUS;1998;Russia;rgdpna;1071925,20057397;1;0
RUS;1999;Russia;rgdpna;1140004,26109693;1;0
RUS;2000;Russia;rgdpna;1254525,18079423;1;0
RUS;2001;Russia;rgdpna;1318394,55976001;1;0
RUS;2002;Russia;rgdpna;1380936,32031499;1;0
RUS;2003;Russia;rgdpna;1481687,42264383;1;0
RUS;2004;Russia;rgdpna;1588012,55928732;1;0
RUS;2005;Russia;rgdpna;1689267,21007994;1;0
RUS;2006;Russia;rgdpna;1827000,46289455;1;0
RUS;2007;Russia;rgdpna;1982936,41782278;1;0
RUS;2008;Russia;rgdpna;2086999,99960276;1;0
RUS;2009;Russia;rgdpna;1923778,12912366;1;0
RUS;2010;Russia;rgdpna;2007268,81682539;1;0
RUS;2011;Russia;rgdpna;2094290,04414251;1;0
RWA;2004;Rwanda;rgdpna;7716,2471709492;0;0
RWA;2005;Rwanda;rgdpna;8433,0857594;0;0
RWA;2006;Rwanda;rgdpna;9193,4222139914;0;0
RWA;2007;Rwanda;rgdpna;9902,1643284258;0;0
RWA;2008;Rwanda;rgdpna;10999,5724132702;0;0
RWA;2009;Rwanda;rgdpna;11686,3867680217;0;0
RWA;2010;Rwanda;rgdpna;12529,607551708;0;0
RWA;2011;Rwanda;rgdpna;13604,9565666291;0;0
SAU;1997;Saudi Arabia;rgdpna;410895,83703775;0;0
SAU;1998;Saudi Arabia;rgdpna;422542,950924746;0;0
SAU;1999;Saudi Arabia;rgdpna;419380,172041873;0;0
SAU;2000;Saudi Arabia;rgdpna;439781,207533728;0;0
SAU;2001;Saudi Arabia;rgdpna;442189,421858868;0;0
SAU;2002;Saudi Arabia;rgdpna;442754,303060928;0;0
SAU;2003;Saudi Arabia;rgdpna;476665,935076832;0;0
SAU;2004;Saudi Arabia;rgdpna;501773,619108359;0;0
SAU;2005;Saudi Arabia;rgdpna;529638,3125;0;0
SAU;2006;Saudi Arabia;rgdpna;546363,103908094;0;0
SAU;2007;Saudi Arabia;rgdpna;557384,888051112;0;0
SAU;2008;Saudi Arabia;rgdpna;580954,260912454;0;0
SAU;2009;Saudi Arabia;rgdpna;581513,5836279;0;0
SAU;2010;Saudi Arabia;rgdpna;611283,678359447;0;0
SAU;2011;Saudi Arabia;rgdpna;654406,979517859;0;0
SDN;1999;Sudan;rgdpna;36432,5296732957;0;0
SDN;2000;Sudan;rgdpna;39487,8625298511;0;0
SDN;2001;Sudan;rgdpna;43754,6165628049;0;0
SDN;2002;Sudan;rgdpna;46375,3921382595;0;0
SDN;2003;Sudan;rgdpna;49802,2856178438;0;0
SDN;2004;Sudan;rgdpna;52380,2127503275;0;0
SDN;2005;Sudan;rgdpna;57114,44921875;0;0
SDN;2006;Sudan;rgdpna;60849,0715129232;0;0
SDN;2007;Sudan;rgdpna;64359,0548721703;0;0
SDN;2008;Sudan;rgdpna;65763,0482151653;0;0
SDN;2009;Sudan;rgdpna;71407,1014567971;0;0
SDN;2010;Sudan;rgdpna;76152,5989587244;0;0
SDN;2011;Sudan;rgdpna;79731,7711097844;0;0
SEN;1998;Senegal;rgdpna;11272,4367340624;0;0
SEN;1999;Senegal;rgdpna;11989,3460104752;0;0
SEN;2000;Senegal;rgdpna;12371,4031962879;0;0
SEN;2001;Senegal;rgdpna;12938,1268393951;0;0
SEN;2002;Senegal;rgdpna;13022,8461658531;0;0
SEN;2003;Senegal;rgdpna;13891,5794184695;0;0
SEN;2004;Senegal;rgdpna;14708,8303862129;0;0
SEN;2005;Senegal;rgdpna;15535,8500920351;0;0
SEN;2006;Senegal;rgdpna;15918,2759566993;0;0
SEN;2007;Senegal;rgdpna;16704,3976402667;0;0
SEN;2008;Senegal;rgdpna;17319,5411612889;0;0
SEN;2009;Senegal;rgdpna;17676,4629148267;0;0
SEN;2010;Senegal;rgdpna;18405,8117130057;0;0
SEN;2011;Senegal;rgdpna;18917,231474109;0;0
SGP;1997;Singapore;rgdpna;110094,753620739;0;0
SGP;1998;Singapore;rgdpna;107705,347613297;0;0
SGP;1999;Singapore;rgdpna;114379,603706815;0;0
SGP;2000;Singapore;rgdpna;124722,860268342;0;0
SGP;2001;Singapore;rgdpna;123283,061938973;0;0
SGP;2002;Singapore;rgdpna;128463,364158019;0;0
SGP;2003;Singapore;rgdpna;134347,311335663;0;0
SGP;2004;Singapore;rgdpna;146652,311034523;0;0
SGP;2005;Singapore;rgdpna;157461,169517952;0;0
SGP;2006;Singapore;rgdpna;171260,500219035;0;0
SGP;2007;Singapore;rgdpna;186428,955508871;0;0
SGP;2008;Singapore;rgdpna;189600,222770556;0;0
SGP;2009;Singapore;rgdpna;187742,642318165;0;0
SGP;2010;Singapore;rgdpna;215459,495557627;0;0
SGP;2011;Singapore;rgdpna;225993,578761372;0;0
SLE;2004;Sierra Leone;rgdpna;3671,2564694903;0;0
SLE;2005;Sierra Leone;rgdpna;3830,3126645382;0;0
SLE;2006;Sierra Leone;rgdpna;3993,7784992484;0;0
SLE;2007;Sierra Leone;rgdpna;4312,5642427561;0;0
SLE;2008;Sierra Leone;rgdpna;4546,1186080774;0;0
SLE;2009;Sierra Leone;rgdpna;4691,6022059571;0;0
SLE;2010;Sierra Leone;rgdpna;4940,340663449;0;0
SLE;2011;Sierra Leone;rgdpna;5238,4730237764;0;0
SLV;1997;El Salvador;rgdpna;2118,6853938329;0;0
SLV;1998;El Salvador;rgdpna;2198,1091074611;0;0
SLV;1999;El Salvador;rgdpna;2273,9240542953;0;0
SLV;2000;El Salvador;rgdpna;2322,8737372187;0;0
SLV;2001;El Salvador;rgdpna;2362,5701719525;0;0
SLV;2002;El Salvador;rgdpna;2417,8706675502;0;0
SLV;2003;El Salvador;rgdpna;2473,4888580023;0;0
SLV;2004;El Salvador;rgdpna;2519,2635549946;0;0
SLV;2005;El Salvador;rgdpna;2609,0137896577;0;0
SLV;2006;El Salvador;rgdpna;2711,0832746097;0;0
SLV;2007;El Salvador;rgdpna;2815,1912649432;0;0
SLV;2008;El Salvador;rgdpna;2851,0389653133;0;0
SLV;2009;El Salvador;rgdpna;2761,7155098885;0;0
SLV;2010;El Salvador;rgdpna;2799,4228047031;0;0
SLV;2011;El Salvador;rgdpna;2840,6065448626;0;0
SRB;2000;Serbia;rgdpna;47084,2467701571;0;0
SRB;2001;Serbia;rgdpna;49602,0379213665;0;0
SRB;2002;Serbia;rgdpna;51755,1448840111;0;0
SRB;2003;Serbia;rgdpna;53051,2217442706;0;0
SRB;2004;Serbia;rgdpna;58001,8775181222;0;0
SRB;2005;Serbia;rgdpna;61135,9861907586;0;0
SRB;2006;Serbia;rgdpna;63310,3173560418;0;0
SRB;2007;Serbia;rgdpna;66717,7867471343;0;0
SRB;2008;Serbia;rgdpna;69265,7866532202;0;0
SRB;2009;Serbia;rgdpna;66837,4910021983;0;0
SRB;2010;Serbia;rgdpna;67520,931775504;0;0
SRB;2011;Serbia;rgdpna;68615,5462447345;0;0
STP;2003;São Tomé e Príncipe;rgdpna;201,2225051913;0;0
STP;2004;São Tomé e Príncipe;rgdpna;210,3728927189;0;0
STP;2005;São Tomé e Príncipe;rgdpna;216,8520050049;0;0
STP;2006;São Tomé e Príncipe;rgdpna;243,4940295237;0;0
STP;2007;São Tomé e Príncipe;rgdpna;249,2666820827;0;0
STP;2008;São Tomé e Príncipe;rgdpna;272,8070562034;0;0
STP;2009;São Tomé e Príncipe;rgdpna;285,9580757377;0;0
STP;2010;São Tomé e Príncipe;rgdpna;298,8261891458;0;0
STP;2011;São Tomé e Príncipe;rgdpna;313,5985104091;0;0
SUR;1997;Suriname;rgdpna;1912,9380528986;0;0
SUR;1998;Suriname;rgdpna;1957,5172409212;0;0
SUR;1999;Suriname;rgdpna;1930,0394058177;0;0
SUR;2000;Suriname;rgdpna;1969,8914529747;0;0
SUR;2001;Suriname;rgdpna;2052,3757338976;0;0
SUR;2002;Suriname;rgdpna;2109,373298961;0;0
SUR;2003;Suriname;rgdpna;2241,9042221247;0;0
SUR;2004;Suriname;rgdpna;2421,2380243549;0;0
SUR;2005;Suriname;rgdpna;2516,2339660116;0;0
SUR;2006;Suriname;rgdpna;2661,276549909;0;0
SUR;2007;Suriname;rgdpna;2796,9742870549;0;0
SUR;2008;Suriname;rgdpna;2913,0313430901;0;0
SUR;2009;Suriname;rgdpna;3000,8932197382;0;0
SUR;2010;Suriname;rgdpna;3123,9519658807;0;0
SUR;2011;Suriname;rgdpna;3264,6468232749;0;0
SVK;1997;Slovakia;rgdpna;61280,6955515651;0;0
SVK;1998;Slovakia;rgdpna;63953,1176060215;0;0
SVK;1999;Slovakia;rgdpna;63977,2553788271;0;0
SVK;2000;Slovakia;rgdpna;64852,7149877442;0;0
SVK;2001;Slovakia;rgdpna;67110,8799936865;0;0
SVK;2002;Slovakia;rgdpna;70186,4994318224;0;0
SVK;2003;Slovakia;rgdpna;73537,9237523055;0;0
SVK;2004;Slovakia;rgdpna;77257,3279680683;0;0
SVK;2005;Slovakia;rgdpna;82398,9709952673;0;0
SVK;2006;Slovakia;rgdpna;89275,5009870767;0;0
SVK;2007;Slovakia;rgdpna;98644,0145765028;0;0
SVK;2008;Slovakia;rgdpna;104316,516503072;0;0
SVK;2009;Slovakia;rgdpna;99172,0580150411;0;0
SVK;2010;Slovakia;rgdpna;103320,322915918;0;0
SVK;2011;Slovakia;rgdpna;106780,729798596;0;0
SVN;1997;Slovenia;rgdpna;32386,8479441454;0;0
SVN;1998;Slovenia;rgdpna;33525,3264490993;0;0
SVN;1999;Slovenia;rgdpna;35310,681262448;0;0
SVN;2000;Slovenia;rgdpna;36817,0186117546;0;0
SVN;2001;Slovenia;rgdpna;37899,1780273805;0;0
SVN;2002;Slovenia;rgdpna;39349,592901519;0;0
SVN;2003;Slovenia;rgdpna;40502,5477922906;0;0
SVN;2004;Slovenia;rgdpna;42285,3246189945;0;0
SVN;2005;Slovenia;rgdpna;43979,8549839301;0;0
SVN;2006;Slovenia;rgdpna;46552,4872175314;0;0
SVN;2007;Slovenia;rgdpna;49792,6196499882;0;0
SVN;2008;Slovenia;rgdpna;51477,2346825047;0;0
SVN;2009;Slovenia;rgdpna;47441,0993371585;0;0
SVN;2010;Slovenia;rgdpna;48029,2768753115;0;0
SVN;2011;Slovenia;rgdpna;48317,2181377216;0;0
SWE;1997;Sweden;rgdpna;223713,521774396;0;0
SWE;1998;Sweden;rgdpna;233120,569525739;0;0
SWE;1999;Sweden;rgdpna;243983,610022455;0;0
SWE;2000;Sweden;rgdpna;254846,230167603;0;0
SWE;2001;Sweden;rgdpna;258063,180721293;0;0
SWE;2002;Sweden;rgdpna;264471,965822455;0;0
SWE;2003;Sweden;rgdpna;270649,242297269;0;0
SWE;2004;Sweden;rgdpna;282110,863427522;0;0
SWE;2005;Sweden;rgdpna;291027,78125;0;0
SWE;2006;Sweden;rgdpna;303533,765852178;0;0
SWE;2007;Sweden;rgdpna;313593,619589393;0;0
SWE;2008;Sweden;rgdpna;311669,985724069;0;0
SWE;2009;Sweden;rgdpna;296000,014865832;0;0
SWE;2010;Sweden;rgdpna;315408,277310584;0;0
SWE;2011;Sweden;rgdpna;327660,264477499;0;0
SWZ;1997;Swaziland;rgdpna;3604,1891775736;0;0
SWZ;1998;Swaziland;rgdpna;3698,0534143849;0;0
SWZ;1999;Swaziland;rgdpna;3807,1847040876;0;0
SWZ;2000;Swaziland;rgdpna;3874,1992353511;0;0
SWZ;2001;Swaziland;rgdpna;3919,0449758868;0;0
SWZ;2002;Swaziland;rgdpna;3988,6843439732;0;0
SWZ;2003;Swaziland;rgdpna;4078,0571639879;0;0
SWZ;2004;Swaziland;rgdpna;4196,5618395664;0;0
SWZ;2005;Swaziland;rgdpna;4299,9252929688;0;0
SWZ;2006;Swaziland;rgdpna;4441,9329769698;0;0
SWZ;2007;Swaziland;rgdpna;4597,5628524221;0;0
SWZ;2008;Swaziland;rgdpna;4705,9544833254;0;0
SWZ;2009;Swaziland;rgdpna;4762,7868519612;0;0
SWZ;2010;Swaziland;rgdpna;4858,0425890004;0;0
SWZ;2011;Swaziland;rgdpna;4921,1971426574;0;0
SYR;2011;Syria;rgdpna;88728,3253980151;1;0
TCD;2004;Chad;rgdpna;14044,0812606131;0;0
TCD;2005;Chad;rgdpna;15155,4886532959;0;0
TCD;2006;Chad;rgdpna;15180,9822034968;0;0
TCD;2007;Chad;rgdpna;15203,1994088965;0;0
TCD;2008;Chad;rgdpna;15254,795439956;0;0
TCD;2009;Chad;rgdpna;15880,2420529944;0;0
TCD;2010;Chad;rgdpna;18198,7573927323;0;0
TCD;2011;Chad;rgdpna;18853,9126588735;0;0
TGO;1997;Togo;rgdpna;4048,5684556259;0;0
TGO;1998;Togo;rgdpna;3957,2240957851;0;0
TGO;1999;Togo;rgdpna;4060,9608108491;0;0
TGO;2000;Togo;rgdpna;4021,8402506149;0;0
TGO;2001;Togo;rgdpna;3970,6283449269;0;0
TGO;2002;Togo;rgdpna;3920,0604501949;0;0
TGO;2003;Togo;rgdpna;4110,1031598765;0;0
TGO;2004;Togo;rgdpna;4214,3386663689;0;0
TGO;2005;Togo;rgdpna;4266,5333895869;0;0
TGO;2006;Togo;rgdpna;4432,9774265427;0;0
TGO;2007;Togo;rgdpna;4525,3412479957;0;0
TGO;2008;Togo;rgdpna;4631,9766789814;0;0
TGO;2009;Togo;rgdpna;4787,2213512029;0;0
TGO;2010;Togo;rgdpna;4978,5977998866;0;0
TGO;2011;Togo;rgdpna;5221,073832664;0;0
THA;2003;Thailand;rgdpna;441860,367659749;0;0
THA;2004;Thailand;rgdpna;469789,707457232;0;0
THA;2005;Thailand;rgdpna;489404,21875;0;0
THA;2006;Thailand;rgdpna;513571,173274035;0;0
THA;2007;Thailand;rgdpna;541537,378147923;0;0
THA;2008;Thailand;rgdpna;550451,568370571;0;0
THA;2009;Thailand;rgdpna;544287,512847706;0;0
THA;2010;Thailand;rgdpna;585274,31954235;0;0
THA;2011;Thailand;rgdpna;585725,489338519;0;0
TJK;1997;Tajikistan;rgdpna;7249,6761521358;0;0
TJK;1998;Tajikistan;rgdpna;7632,8573377138;0;0
TJK;1999;Tajikistan;rgdpna;7915,031833306;0;0
TJK;2000;Tajikistan;rgdpna;8571,773508262;0;0
TJK;2001;Tajikistan;rgdpna;9389,6175955045;0;0
TJK;2002;Tajikistan;rgdpna;10405,0775842926;0;0
TJK;2003;Tajikistan;rgdpna;11561,7796410592;0;0
TJK;2004;Tajikistan;rgdpna;12751,1092259028;0;0
TJK;2005;Tajikistan;rgdpna;13607,716796875;0;0
TJK;2006;Tajikistan;rgdpna;14505,0160437199;0;0
TJK;2007;Tajikistan;rgdpna;15630,1453545123;0;0
TJK;2008;Tajikistan;rgdpna;16815,4587418095;0;0
TJK;2009;Tajikistan;rgdpna;17491,3325297462;0;0
TJK;2010;Tajikistan;rgdpna;18634,7757899768;0;0
TJK;2011;Tajikistan;rgdpna;20013,7491984351;0;0
TKM;1997;Turkmenistan;rgdpna;22201,7336381453;0;0
TKM;1998;Turkmenistan;rgdpna;23778,0567981286;0;0
TKM;1999;Turkmenistan;rgdpna;27701,4361101925;0;0
TKM;2000;Turkmenistan;rgdpna;29216,4454131139;0;0
TKM;2001;Turkmenistan;rgdpna;30485,5626711007;0;0
TKM;2002;Turkmenistan;rgdpna;30563,9655482827;0;0
TKM;2003;Turkmenistan;rgdpna;31563,0491862843;0;0
TKM;2004;Turkmenistan;rgdpna;33141,3302010664;0;0
TKM;2005;Turkmenistan;rgdpna;37449,703125;0;0
TKM;2006;Turkmenistan;rgdpna;41718,9692822223;0;0
TKM;2007;Turkmenistan;rgdpna;46641,8076575033;0;0
TKM;2008;Turkmenistan;rgdpna;53498,153383305;0;0
TKM;2009;Turkmenistan;rgdpna;56761,5407401303;0;0
TKM;2010;Turkmenistan;rgdpna;61983,6024882223;0;0
TKM;2011;Turkmenistan;rgdpna;71095,1920519374;0;0
TTO;1997;Trinidad and Tobago;rgdpna;12091,5256396558;0;0
TTO;1998;Trinidad and Tobago;rgdpna;13077,7253637349;0;0
TTO;1999;Trinidad and Tobago;rgdpna;14121,2281111143;0;0
TTO;2000;Trinidad and Tobago;rgdpna;15095,9672305334;0;0
TTO;2001;Trinidad and Tobago;rgdpna;15726,0066251775;0;0
TTO;2002;Trinidad and Tobago;rgdpna;16973,155501516;0;0
TTO;2003;Trinidad and Tobago;rgdpna;19424,2555904743;0;0
TTO;2004;Trinidad and Tobago;rgdpna;20968,4986029999;0;0
TTO;2005;Trinidad and Tobago;rgdpna;22270,599609375;0;0
TTO;2006;Trinidad and Tobago;rgdpna;25211,9803920924;0;0
TTO;2007;Trinidad and Tobago;rgdpna;26410,6058396871;0;0
TTO;2008;Trinidad and Tobago;rgdpna;27035,4679073516;0;0
TTO;2009;Trinidad and Tobago;rgdpna;26078,5980387087;0;0
TTO;2010;Trinidad and Tobago;rgdpna;26734,0693719941;0;0
TTO;2011;Trinidad and Tobago;rgdpna;26367,4850131517;0;0
TUN;1997;Tunisia;rgdpna;40682,6782196392;0;0
TUN;1998;Tunisia;rgdpna;42627,1620613838;0;0
TUN;1999;Tunisia;rgdpna;45210,6264291541;0;0
TUN;2000;Tunisia;rgdpna;47154,3806590919;0;0
TUN;2001;Tunisia;rgdpna;49441,2612749535;0;0
TUN;2002;Tunisia;rgdpna;50281,7745293714;0;0
TUN;2003;Tunisia;rgdpna;53032,2228660984;0;0
TUN;2004;Tunisia;rgdpna;56192,500040382;0;0
TUN;2005;Tunisia;rgdpna;58440,1784460279;0;0
TUN;2006;Tunisia;rgdpna;61744,5203787846;0;0
TUN;2007;Tunisia;rgdpna;65605,7314455395;0;0
TUN;2008;Tunisia;rgdpna;68527,7660880247;0;0
TUN;2009;Tunisia;rgdpna;70685,2677037367;0;0
TUN;2010;Tunisia;rgdpna;73189,4926243663;0;0
TUN;2011;Tunisia;rgdpna;72124,367350386;0;0
TUR;1997;Turkey;rgdpna;569954,867957883;0;0
TUR;1998;Turkey;rgdpna;587577,093737165;0;0
TUR;1999;Turkey;rgdpna;567803,10352516;0;0
TUR;2000;Turkey;rgdpna;606268,671001567;0;0
TUR;2001;Turkey;rgdpna;571726,656137433;0;0
TUR;2002;Turkey;rgdpna;606966,970384553;0;0
TUR;2003;Turkey;rgdpna;638925,392011971;0;0
TUR;2004;Turkey;rgdpna;698746,74689092;0;0
TUR;2005;Turkey;rgdpna;757452,778363697;0;0
TUR;2006;Turkey;rgdpna;809667,70496001;0;0
TUR;2007;Turkey;rgdpna;847467,684648669;0;0
TUR;2008;Turkey;rgdpna;853051,127562958;0;0
TUR;2009;Turkey;rgdpna;811883,944726581;0;0
TUR;2010;Turkey;rgdpna;886227,775080424;0;0
TUR;2011;Turkey;rgdpna;961585,409477819;0;0
TZA;1998;Tanzania;rgdpna;23843,875603134;0;0
TZA;1999;Tanzania;rgdpna;24998,01034351;0;0
TZA;2000;Tanzania;rgdpna;26231,3738336946;0;0
TZA;2001;Tanzania;rgdpna;27804,6867431053;0;0
TZA;2002;Tanzania;rgdpna;29796,4903637315;0;0
TZA;2003;Tanzania;rgdpna;31848,3441886976;0;0
TZA;2004;Tanzania;rgdpna;34341,5276013136;0;0
TZA;2005;Tanzania;rgdpna;36872,45703125;0;0
TZA;2006;Tanzania;rgdpna;39356,6943261135;0;0
TZA;2007;Tanzania;rgdpna;42169,9489331955;0;0
TZA;2008;Tanzania;rgdpna;45306,0520643325;0;0
TZA;2009;Tanzania;rgdpna;48034,3613279191;0;0
TZA;2010;Tanzania;rgdpna;51417,4543043003;0;0
TZA;2011;Tanzania;rgdpna;54689,2921626074;0;0
UGA;2001;Uganda;rgdpna;22435,4449417431;0;0
UGA;2002;Uganda;rgdpna;24018,7008241541;0;0
UGA;2003;Uganda;rgdpna;25497,9800795427;0;0
UGA;2004;Uganda;rgdpna;26977,7151911541;0;0
UGA;2005;Uganda;rgdpna;29677,4863279806;0;0
UGA;2006;Uganda;rgdpna;31769,5595847228;0;0
UGA;2007;Uganda;rgdpna;34331,4120263388;0;0
UGA;2008;Uganda;rgdpna;37911,4901681295;0;0
UGA;2009;Uganda;rgdpna;39501,4959631199;0;0
UGA;2010;Uganda;rgdpna;41983,310558081;0;0
UGA;2011;Uganda;rgdpna;43713,0229530728;0;0
UKR;1998;Ukraine;rgdpna;184970,720006233;0;0
UKR;1999;Ukraine;rgdpna;184673,232177476;0;0
UKR;2000;Ukraine;rgdpna;195551,853450079;0;0
UKR;2001;Ukraine;rgdpna;213607,658440745;0;0
UKR;2002;Ukraine;rgdpna;224821,040539945;0;0
UKR;2003;Ukraine;rgdpna;246392,151936043;0;0
UKR;2004;Ukraine;rgdpna;276323,917445779;0;0
UKR;2005;Ukraine;rgdpna;283854,28125;0;0
UKR;2006;Ukraine;rgdpna;304712,605664341;0;0
UKR;2007;Ukraine;rgdpna;328911,96733997;0;0
UKR;2008;Ukraine;rgdpna;336489,805975577;0;0
UKR;2009;Ukraine;rgdpna;286828,90286173;0;0
UKR;2010;Ukraine;rgdpna;298731,417516535;0;0
UKR;2011;Ukraine;rgdpna;314135,524269669;0;0
URY;1997;Uruguay;rgdpna;27968,1001332217;0;0
URY;1998;Uruguay;rgdpna;29231,9478390238;0;0
URY;1999;Uruguay;rgdpna;28665,078353281;0;0
URY;2000;Uruguay;rgdpna;28111,8810560624;0;0
URY;2001;Uruguay;rgdpna;27031,2119604576;0;0
URY;2002;Uruguay;rgdpna;24941,1618850049;0;0
URY;2003;Uruguay;rgdpna;25142,0101437248;0;0
URY;2004;Uruguay;rgdpna;26400,1652878295;0;0
URY;2005;Uruguay;rgdpna;28369,599609375;0;0
URY;2006;Uruguay;rgdpna;29532,3701866101;0;0
URY;2007;Uruguay;rgdpna;31464,2247242874;0;0
URY;2008;Uruguay;rgdpna;33722,1489674638;0;0
URY;2009;Uruguay;rgdpna;34537,4901041415;0;0
URY;2010;Uruguay;rgdpna;37609,5539988986;0;0
URY;2011;Uruguay;rgdpna;39753,4039070294;0;0
USA;1997;United States of America;rgdpna;9783200;1;0
USA;1998;United States of America;rgdpna;10213800;1;0
USA;1999;United States of America;rgdpna;10711100;1;0
USA;2000;United States of America;rgdpna;11158100;1;0
USA;2001;United States of America;rgdpna;11280100;1;0
USA;2002;United States of America;rgdpna;11486300;1;0
USA;2003;United States of America;rgdpna;11779500;1;0
USA;2004;United States of America;rgdpna;12189400;1;0
USA;2005;United States of America;rgdpna;12564300;1;0
USA;2006;United States of America;rgdpna;12898400;1;0
USA;2007;United States of America;rgdpna;13144400;1;0
USA;2008;United States of America;rgdpna;13097200;1;0
USA;2009;United States of America;rgdpna;12690000;1;0
USA;2010;United States of America;rgdpna;12992000;1;0
USA;2011;United States of America;rgdpna;13225900;1;0
UZB;1997;Uzbekistan;rgdpna;70063,2817978211;0;0
UZB;1998;Uzbekistan;rgdpna;73146,0648224226;0;0
UZB;1999;Uzbekistan;rgdpna;76364,4906234811;0;0
UZB;2000;Uzbekistan;rgdpna;79419,0706277264;0;0
UZB;2001;Uzbekistan;rgdpna;82992,9288035633;0;0
UZB;2002;Uzbekistan;rgdpna;86478,6318878884;0;0
UZB;2003;Uzbekistan;rgdpna;90283,691634381;0;0
UZB;2004;Uzbekistan;rgdpna;97235,5358913534;0;0
UZB;2005;Uzbekistan;rgdpna;104042,0234375;0;0
UZB;2006;Uzbekistan;rgdpna;111637,091065504;0;0
UZB;2007;Uzbekistan;rgdpna;122242,614783427;0;0
UZB;2008;Uzbekistan;rgdpna;133244,450115543;0;0
UZB;2009;Uzbekistan;rgdpna;144037,250464807;0;0
UZB;2010;Uzbekistan;rgdpna;156280,416803336;0;0
UZB;2011;Uzbekistan;rgdpna;169251,691374547;0;0
VCT;2002;Saint Vincent and the Grenadines;rgdpna;634,4330911665;0;0
VCT;2003;Saint Vincent and the Grenadines;rgdpna;655,0230261956;0;0
VCT;2004;Saint Vincent and the Grenadines;rgdpna;695,2620698904;0;0
VCT;2005;Saint Vincent and the Grenadines;rgdpna;709,008120001;0;0
VCT;2006;Saint Vincent and the Grenadines;rgdpna;777,9048896626;0;0
VCT;2007;Saint Vincent and the Grenadines;rgdpna;804,109926273;0;0
VCT;2008;Saint Vincent and the Grenadines;rgdpna;815,6464169022;0;0
VCT;2009;Saint Vincent and the Grenadines;rgdpna;797,4904894604;0;0
VCT;2010;Saint Vincent and the Grenadines;rgdpna;775,4907492252;0;0
VCT;2011;Saint Vincent and the Grenadines;rgdpna;776,606868589;0;0
VEN;1998;Venezuela;rgdpna;213240,405536239;0;0
VEN;1999;Venezuela;rgdpna;200508,976372463;0;0
VEN;2000;Venezuela;rgdpna;207901,630380892;0;0
VEN;2001;Venezuela;rgdpna;214958,302587966;0;0
VEN;2002;Venezuela;rgdpna;195922,353355065;0;0
VEN;2003;Venezuela;rgdpna;180727,986988144;0;0
VEN;2004;Venezuela;rgdpna;213777,003145838;0;0
VEN;2005;Venezuela;rgdpna;235834,330063873;0;0
VEN;2006;Venezuela;rgdpna;259116,246776835;0;0
VEN;2007;Venezuela;rgdpna;281798,191642411;0;0
VEN;2008;Venezuela;rgdpna;296671,089121333;0;0
VEN;2009;Venezuela;rgdpna;287170,782950396;0;0
VEN;2010;Venezuela;rgdpna;282895,409459024;0;0
VEN;2011;Venezuela;rgdpna;294069,901591267;0;0
VNM;1998;Vietnam;rgdpna;124907,30469595;0;0
VNM;1999;Vietnam;rgdpna;130868,865132674;0;0
VNM;2000;Vietnam;rgdpna;139752,884731594;0;0
VNM;2001;Vietnam;rgdpna;149388,843138631;0;0
VNM;2002;Vietnam;rgdpna;159965,304142715;0;0
VNM;2003;Vietnam;rgdpna;171708,669210636;0;0
VNM;2004;Vietnam;rgdpna;185084,653411244;0;0
VNM;2005;Vietnam;rgdpna;200708,947732912;0;0
VNM;2006;Vietnam;rgdpna;217225,188251723;0;0
VNM;2007;Vietnam;rgdpna;235593,984629054;0;0
VNM;2008;Vietnam;rgdpna;250462,21509829;0;0
VNM;2009;Vietnam;rgdpna;263794,625918985;0;0
VNM;2010;Vietnam;rgdpna;281690,114008987;0;0
VNM;2011;Vietnam;rgdpna;298268,501709673;0;0
YEM;2000;Yemen;rgdpna;41257,2842605124;0;0
YEM;2001;Yemen;rgdpna;43705,1979662452;0;0
YEM;2002;Yemen;rgdpna;45910,0548113516;0;0
YEM;2003;Yemen;rgdpna;48553,0940472085;0;0
YEM;2004;Yemen;rgdpna;50803,8021629413;0;0
YEM;2005;Yemen;rgdpna;53414,6211675757;0;0
YEM;2006;Yemen;rgdpna;55893,409359785;0;0
YEM;2007;Yemen;rgdpna;57835,7309112409;0;0
YEM;2008;Yemen;rgdpna;60157,4859458377;0;0
YEM;2009;Yemen;rgdpna;62742,7024950817;0;0
YEM;2010;Yemen;rgdpna;67646,8039545389;0;0
YEM;2011;Yemen;rgdpna;60557,6436564705;0;0
ZAF;1997;South Africa;rgdpna;256019,121347899;0;0
ZAF;1998;South Africa;rgdpna;257343,720100642;0;0
ZAF;1999;South Africa;rgdpna;263412,215961655;0;0
ZAF;2000;South Africa;rgdpna;274355,909650582;0;0
ZAF;2001;South Africa;rgdpna;281860,704716041;0;0
ZAF;2002;South Africa;rgdpna;292198,897654511;0;0
ZAF;2003;South Africa;rgdpna;300816,060614476;0;0
ZAF;2004;South Africa;rgdpna;314516,858660345;0;0
ZAF;2005;South Africa;rgdpna;331114,28125;0;0
ZAF;2006;South Africa;rgdpna;349668,990811289;0;0
ZAF;2007;South Africa;rgdpna;369067,776427428;0;0
ZAF;2008;South Africa;rgdpna;382422,724584156;0;0
ZAF;2009;South Africa;rgdpna;376543,697979899;0;0
ZAF;2010;South Africa;rgdpna;387424,164998052;0;0
ZAF;2011;South Africa;rgdpna;399522,588450905;0;0
ZMB;2001;Zambia;rgdpna;10459,6222888825;0;0
ZMB;2002;Zambia;rgdpna;10805,0961541527;0;0
ZMB;2003;Zambia;rgdpna;11270,9152697873;0;0
ZMB;2004;Zambia;rgdpna;11967,5291228582;0;0
ZMB;2005;Zambia;rgdpna;12592,7578125;0;0
ZMB;2006;Zambia;rgdpna;13374,0442853564;0;0
ZMB;2007;Zambia;rgdpna;14217,4585946907;0;0
ZMB;2008;Zambia;rgdpna;15071,8460286438;0;0
ZMB;2009;Zambia;rgdpna;15991,4736762393;0;0
ZMB;2010;Zambia;rgdpna;17128,0180512988;0;0
ZMB;2011;Zambia;rgdpna;18258,4672426845;0;0
ZWE;1997;Zimbabwe;rgdpna;61192,8821316875;0;0
ZWE;1998;Zimbabwe;rgdpna;61494,0874954341;0;0
ZWE;1999;Zimbabwe;rgdpna;59282,0352860749;0;0
ZWE;2000;Zimbabwe;rgdpna;54439,4672352174;0;0
ZWE;2001;Zimbabwe;rgdpna;54334,1026958483;0;0
ZWE;2002;Zimbabwe;rgdpna;51107,1198117675;0;0
ZWE;2003;Zimbabwe;rgdpna;47293,6189197735;0;0
ZWE;2004;Zimbabwe;rgdpna;45570,8791463458;0;0
ZWE;2005;Zimbabwe;rgdpna;43719,3154481468;0;0
ZWE;2006;Zimbabwe;rgdpna;42134,9616852233;0;0
ZWE;2007;Zimbabwe;rgdpna;40758,2307195712;0;0
ZWE;2008;Zimbabwe;rgdpna;38825,691717493;0;0
ZWE;2009;Zimbabwe;rgdpna;45404,5601738858;0;0
ZWE;2010;Zimbabwe;rgdpna;49772,5628525984;0;0
ZWE;2011;Zimbabwe;rgdpna;54921,6702978473;0;0
